Using pre-set license
Built from '2022.3/staging' branch; Version is '2022.3.62f1 (4af31df58517) revision 4911901'; Using compiler version '192829333'; Build Type 'Release'
OS: 'Windows 11  (10.0.26200) 64bit Professional' Language: 'pt' Physical Memory: 65276 MB
BatchMode: 1, IsHumanControllingUs: 0, StartBugReporterOnCrash: 0, Is64bit: 1, IsPro: 1

COMMAND LINE ARGUMENTS:
C:\Program Files\Unity\Hub\Editor\2022.3.62f1\Editor\Unity.exe
-adb2
-batchMode
-noUpm
-name
AssetImportWorker0
-projectPath
C:/Users/Jailson S/Documents/Dilis/SempreLivre-SeJogaNoRitmo
-logFile
Logs/AssetImportWorker0.log
-srvPort
59630
Successfully changed project path to: C:/Users/Jailson S/Documents/Dilis/SempreLivre-SeJogaNoRitmo
C:/Users/Jailson S/Documents/Dilis/SempreLivre-SeJogaNoRitmo
[UnityMemory] Configuration Parameters - Can be set up in boot.config
    "memorysetup-bucket-allocator-granularity=16"
    "memorysetup-bucket-allocator-bucket-count=8"
    "memorysetup-bucket-allocator-block-size=33554432"
    "memorysetup-bucket-allocator-block-count=8"
    "memorysetup-main-allocator-block-size=16777216"
    "memorysetup-thread-allocator-block-size=16777216"
    "memorysetup-gfx-main-allocator-block-size=16777216"
    "memorysetup-gfx-thread-allocator-block-size=16777216"
    "memorysetup-cache-allocator-block-size=4194304"
    "memorysetup-typetree-allocator-block-size=2097152"
    "memorysetup-profiler-bucket-allocator-granularity=16"
    "memorysetup-profiler-bucket-allocator-bucket-count=8"
    "memorysetup-profiler-bucket-allocator-block-size=33554432"
    "memorysetup-profiler-bucket-allocator-block-count=8"
    "memorysetup-profiler-allocator-block-size=16777216"
    "memorysetup-profiler-editor-allocator-block-size=1048576"
    "memorysetup-temp-allocator-size-main=16777216"
    "memorysetup-job-temp-allocator-block-size=2097152"
    "memorysetup-job-temp-allocator-block-size-background=1048576"
    "memorysetup-job-temp-allocator-reduction-small-platforms=262144"
    "memorysetup-allocator-temp-initial-block-size-main=262144"
    "memorysetup-allocator-temp-initial-block-size-worker=262144"
    "memorysetup-temp-allocator-size-background-worker=32768"
    "memorysetup-temp-allocator-size-job-worker=262144"
    "memorysetup-temp-allocator-size-preload-manager=33554432"
    "memorysetup-temp-allocator-size-nav-mesh-worker=65536"
    "memorysetup-temp-allocator-size-audio-worker=65536"
    "memorysetup-temp-allocator-size-cloud-worker=32768"
    "memorysetup-temp-allocator-size-gi-baking-worker=262144"
    "memorysetup-temp-allocator-size-gfx=262144"
Player connection [26412]  Target information:

Player connection [26412]  * "[IP] 192.168.0.5 [Port] 0 [Flags] 2 [Guid] 3870493483 [EditorId] 3870493483 [Version] 1048832 [Id] WindowsEditor(7,Jailson) [Debug] 1 [PackageName] WindowsEditor [ProjectName] Editor" 

Player connection [26412] Host joined multi-casting on [225.0.0.222:54997]...
Player connection [26412] Host joined alternative multi-casting on [225.0.0.222:34997]...
Input System module state changed to: Initialized.
[PhysX] Initialized MultithreadedTaskDispatcher with 16 workers.
Refreshing native plugins compatible for Editor in 14.96 ms, found 14 plugins.
Preloading 0 native plugins for Editor in 0.00 ms.
Initialize engine version: 2022.3.62f1 (4af31df58517)
[Subsystems] Discovering subsystems at path C:/Program Files/Unity/Hub/Editor/2022.3.62f1/Editor/Data/Resources/UnitySubsystems
[Subsystems] Discovering subsystems at path C:/Users/Jailson S/Documents/Dilis/SempreLivre-SeJogaNoRitmo/Assets
GfxDevice: creating device client; threaded=0; jobified=0
Direct3D:
    Version:  Direct3D 11.0 [level 11.1]
    Renderer: NVIDIA GeForce RTX 4050 Laptop GPU (ID=0x28a1)
    Vendor:   NVIDIA
    VRAM:     5921 MB
    Driver:   32.0.15.8157
Initialize mono
Mono path[0] = 'C:/Program Files/Unity/Hub/Editor/2022.3.62f1/Editor/Data/Managed'
Mono path[1] = 'C:/Program Files/Unity/Hub/Editor/2022.3.62f1/Editor/Data/MonoBleedingEdge/lib/mono/unityjit-win32'
Mono config path = 'C:/Program Files/Unity/Hub/Editor/2022.3.62f1/Editor/Data/MonoBleedingEdge/etc'
Using monoOptions --debugger-agent=transport=dt_socket,embedding=1,server=y,suspend=n,address=127.0.0.1:56408
Begin MonoManager ReloadAssembly
Registering precompiled unity dll's ...
Register platform support module: C:/Program Files/Unity/Hub/Editor/2022.3.62f1/Editor/Data/PlaybackEngines/WebGLSupport/UnityEditor.WebGL.Extensions.dll
Register platform support module: C:/Program Files/Unity/Hub/Editor/2022.3.62f1/Editor/Data/PlaybackEngines/AndroidPlayer/UnityEditor.Android.Extensions.dll
Register platform support module: C:/Program Files/Unity/Hub/Editor/2022.3.62f1/Editor/Data/PlaybackEngines/WindowsStandaloneSupport/UnityEditor.WindowsStandalone.Extensions.dll
Registered in 0.005696 seconds.
- Loaded All Assemblies, in  0.280 seconds
Native extension for WindowsStandalone target not found
Native extension for Android target not found
Android Extension - Scanning For ADB Devices 162 ms
Native extension for WebGL target not found
Mono: successfully reloaded assembly
- Finished resetting the current domain, in  0.393 seconds
Domain Reload Profiling: 672ms
	BeginReloadAssembly (81ms)
		ExecutionOrderSort (0ms)
		DisableScriptedObjects (0ms)
		BackupInstance (0ms)
		ReleaseScriptingObjects (0ms)
		CreateAndSetChildDomain (1ms)
	RebuildCommonClasses (27ms)
	RebuildNativeTypeToScriptingClass (8ms)
	initialDomainReloadingComplete (45ms)
	LoadAllAssembliesAndSetupDomain (120ms)
		LoadAssemblies (80ms)
		RebuildTransferFunctionScriptingTraits (0ms)
		AnalyzeDomain (118ms)
			TypeCache.Refresh (116ms)
				TypeCache.ScanAssembly (105ms)
			ScanForSourceGeneratedMonoScriptInfo (0ms)
			ResolveRequiredComponents (0ms)
	FinalizeReload (393ms)
		ReleaseScriptCaches (0ms)
		RebuildScriptCaches (0ms)
		SetupLoadedEditorAssemblies (357ms)
			LogAssemblyErrors (0ms)
			InitializePlatformSupportModulesInManaged (228ms)
			SetLoadedEditorAssemblies (4ms)
			RefreshPlugins (0ms)
			BeforeProcessingInitializeOnLoad (2ms)
			ProcessInitializeOnLoadAttributes (92ms)
			ProcessInitializeOnLoadMethodAttributes (32ms)
			AfterProcessingInitializeOnLoad (0ms)
			EditorAssembliesLoaded (0ms)
		ExecutionOrderSort2 (0ms)
		AwakeInstancesAfterBackupRestoration (0ms)
========================================================================
Worker process is ready to serve import requests
Caller must complete domain reload
Begin MonoManager ReloadAssembly
- Loaded All Assemblies, in  0.444 seconds
Native extension for WindowsStandalone target not found
Native extension for Android target not found
Native extension for WebGL target not found
Mono: successfully reloaded assembly
- Finished resetting the current domain, in  0.492 seconds
Domain Reload Profiling: 935ms
	BeginReloadAssembly (95ms)
		ExecutionOrderSort (0ms)
		DisableScriptedObjects (4ms)
		BackupInstance (0ms)
		ReleaseScriptingObjects (0ms)
		CreateAndSetChildDomain (14ms)
	RebuildCommonClasses (23ms)
	RebuildNativeTypeToScriptingClass (7ms)
	initialDomainReloadingComplete (27ms)
	LoadAllAssembliesAndSetupDomain (290ms)
		LoadAssemblies (202ms)
		RebuildTransferFunctionScriptingTraits (0ms)
		AnalyzeDomain (143ms)
			TypeCache.Refresh (125ms)
				TypeCache.ScanAssembly (111ms)
			ScanForSourceGeneratedMonoScriptInfo (12ms)
			ResolveRequiredComponents (5ms)
	FinalizeReload (492ms)
		ReleaseScriptCaches (0ms)
		RebuildScriptCaches (0ms)
		SetupLoadedEditorAssemblies (377ms)
			LogAssemblyErrors (0ms)
			InitializePlatformSupportModulesInManaged (17ms)
			SetLoadedEditorAssemblies (3ms)
			RefreshPlugins (0ms)
			BeforeProcessingInitializeOnLoad (52ms)
			ProcessInitializeOnLoadAttributes (283ms)
			ProcessInitializeOnLoadMethodAttributes (19ms)
			AfterProcessingInitializeOnLoad (4ms)
			EditorAssembliesLoaded (0ms)
		ExecutionOrderSort2 (0ms)
		AwakeInstancesAfterBackupRestoration (5ms)
Launched and connected shader compiler UnityShaderCompiler.exe after 0.03 seconds
Refreshing native plugins compatible for Editor in 7.94 ms, found 14 plugins.
Preloading 0 native plugins for Editor in 0.00 ms.
Unloading 3845 Unused Serialized files (Serialized files now loaded: 0)
Unloading 29 unused Assets / (308.9 KB). Loaded Objects now: 4307.
Memory consumption went from 148.2 MB to 147.9 MB.
Total: 2.905600 ms (FindLiveObjects: 0.251300 ms CreateObjectMapping: 0.176700 ms MarkObjects: 2.338300 ms  DeleteObjects: 0.137900 ms)

AssetImportParameters requested are different than current active one (requested -> active):
  custom:container-demuxer-ogg: 62fdf1f143b41e24485cea50d1cbac27 -> 
  custom:video-codec-MediaFoundation-h265: 746d11721c4dcdbdad8f713fa42b33f4 -> 
  custom:video-decoder-ogg-theora: a1e56fd34408186e4bbccfd4996cb3dc -> 
  custom:framework-win-MediaFoundation: 216162199b28c13a410421893ffa2e32 -> 
  custom:CustomObjectIndexerAttribute: 9a22284fe3817be447336de3de66b15e -> 
  custom:container-demuxer-webm: 4f35f7cbe854078d1ac9338744f61a02 -> 
  custom:container-muxer-webm: aa71ff27fc2769a1b78a27578f13a17b -> 
  custom:video-decoder-webm-vp8: 9c59270c3fd7afecdb556c50c9e8de78 -> 
  custom:SearchIndexIgnoredProperties: e643bd26f0fe6173181afceb89e7c659 -> 
  custom:AudioImporter_EditorPlatform: d09bf68614088b80899f8185d706f6e7 -> 
  custom:video-encoder-webm-vp8: eb34c28f22e8b96e1ab97ce403110664 -> 
  custom:audio-decoder-ogg-vorbis: bf7c407c2cedff20999df2af8eb42d56 -> 
  custom:audio-encoder-webm-vorbis: bf7c407c2cedff20999df2af8eb42d56 -> 
========================================================================
Received Import Request.
  Time since last request: 384.852089 seconds.
  path: Assets/Sounds
  artifactKey: Guid(b9c8c5cb2beaa0d41aac0529b7e3f1ac) Importer(815301076,1909f56bfc062723c751e8b465ee728b)
Start importing Assets/Sounds using Guid(b9c8c5cb2beaa0d41aac0529b7e3f1ac) Importer(815301076,1909f56bfc062723c751e8b465ee728b) [PhysX] Initialized MultithreadedTaskDispatcher with 16 workers.
 -> (artifact id: 'd280d6d4b709b4f4d2fd19ea54b038ae') in 0.002545 seconds
Number of updated asset objects reloaded before import = 0
Number of asset objects unloaded after import = 0
========================================================================
Received Import Request.
  Time since last request: 7.623867 seconds.
  path: Assets/Sounds/03 OLHA PRO CEU - JONATHANCORCINO.mp3
  artifactKey: Guid(2aecf349f6428764fa87ae601d0c0b58) Importer(815301076,1909f56bfc062723c751e8b465ee728b)
Start importing Assets/Sounds/03 OLHA PRO CEU - JONATHANCORCINO.mp3 using Guid(2aecf349f6428764fa87ae601d0c0b58) Importer(815301076,1909f56bfc062723c751e8b465ee728b) [PhysX] Initialized MultithreadedTaskDispatcher with 16 workers.
[PhysX] Initialized MultithreadedTaskDispatcher with 16 workers.
 -> (artifact id: 'ba6687a3b22bea51f5d7606a5e18e4e4') in 0.076049 seconds
Number of updated asset objects reloaded before import = 0
Number of asset objects unloaded after import = 2
========================================================================
Received Prepare
Caller must complete domain reload
Begin MonoManager ReloadAssembly
- Loaded All Assemblies, in  0.339 seconds
Native extension for WindowsStandalone target not found
Native extension for Android target not found
Native extension for WebGL target not found
Mono: successfully reloaded assembly
- Finished resetting the current domain, in  0.572 seconds
Domain Reload Profiling: 910ms
	BeginReloadAssembly (113ms)
		ExecutionOrderSort (0ms)
		DisableScriptedObjects (5ms)
		BackupInstance (0ms)
		ReleaseScriptingObjects (0ms)
		CreateAndSetChildDomain (26ms)
	RebuildCommonClasses (23ms)
	RebuildNativeTypeToScriptingClass (8ms)
	initialDomainReloadingComplete (21ms)
	LoadAllAssembliesAndSetupDomain (172ms)
		LoadAssemblies (207ms)
		RebuildTransferFunctionScriptingTraits (0ms)
		AnalyzeDomain (22ms)
			TypeCache.Refresh (11ms)
				TypeCache.ScanAssembly (3ms)
			ScanForSourceGeneratedMonoScriptInfo (5ms)
			ResolveRequiredComponents (5ms)
	FinalizeReload (573ms)
		ReleaseScriptCaches (0ms)
		RebuildScriptCaches (0ms)
		SetupLoadedEditorAssemblies (287ms)
			LogAssemblyErrors (0ms)
			InitializePlatformSupportModulesInManaged (14ms)
			SetLoadedEditorAssemblies (3ms)
			RefreshPlugins (0ms)
			BeforeProcessingInitializeOnLoad (46ms)
			ProcessInitializeOnLoadAttributes (206ms)
			ProcessInitializeOnLoadMethodAttributes (15ms)
			AfterProcessingInitializeOnLoad (3ms)
			EditorAssembliesLoaded (0ms)
		ExecutionOrderSort2 (0ms)
		AwakeInstancesAfterBackupRestoration (4ms)
Refreshing native plugins compatible for Editor in 9.14 ms, found 14 plugins.
Preloading 0 native plugins for Editor in 0.00 ms.
Unloading 3795 Unused Serialized files (Serialized files now loaded: 0)
Unloading 24 unused Assets / (280.6 KB). Loaded Objects now: 4321.
Memory consumption went from 141.3 MB to 141.1 MB.
Total: 2.711400 ms (FindLiveObjects: 0.223200 ms CreateObjectMapping: 0.102200 ms MarkObjects: 2.311200 ms  DeleteObjects: 0.073800 ms)

Prepare: number of updated asset objects reloaded= 0
AssetImportParameters requested are different than current active one (requested -> active):
  custom:container-demuxer-ogg: 62fdf1f143b41e24485cea50d1cbac27 -> 
  custom:video-codec-MediaFoundation-h265: 746d11721c4dcdbdad8f713fa42b33f4 -> 
  custom:video-decoder-ogg-theora: a1e56fd34408186e4bbccfd4996cb3dc -> 
  custom:framework-win-MediaFoundation: 216162199b28c13a410421893ffa2e32 -> 
  custom:CustomObjectIndexerAttribute: 9a22284fe3817be447336de3de66b15e -> 
  custom:container-demuxer-webm: 4f35f7cbe854078d1ac9338744f61a02 -> 
  custom:container-muxer-webm: aa71ff27fc2769a1b78a27578f13a17b -> 
  custom:video-decoder-webm-vp8: 9c59270c3fd7afecdb556c50c9e8de78 -> 
  custom:SearchIndexIgnoredProperties: e643bd26f0fe6173181afceb89e7c659 -> 
  custom:AudioImporter_EditorPlatform: d09bf68614088b80899f8185d706f6e7 -> 
  custom:video-encoder-webm-vp8: eb34c28f22e8b96e1ab97ce403110664 -> 
  custom:audio-decoder-ogg-vorbis: bf7c407c2cedff20999df2af8eb42d56 -> 
  custom:audio-encoder-webm-vorbis: bf7c407c2cedff20999df2af8eb42d56 -> 
  custom:scripting/precompiled-assembly-types:Assembly-CSharp: 05f1fa655ebca8aa50d7052a9a80a2aa -> 019be45a1fb25a17605dd275f0018009
========================================================================
Received Prepare
Caller must complete domain reload
Begin MonoManager ReloadAssembly
- Loaded All Assemblies, in  0.315 seconds
Native extension for WindowsStandalone target not found
Native extension for Android target not found
Native extension for WebGL target not found
Mono: successfully reloaded assembly
- Finished resetting the current domain, in  0.563 seconds
Domain Reload Profiling: 877ms
	BeginReloadAssembly (109ms)
		ExecutionOrderSort (0ms)
		DisableScriptedObjects (4ms)
		BackupInstance (0ms)
		ReleaseScriptingObjects (0ms)
		CreateAndSetChildDomain (20ms)
	RebuildCommonClasses (24ms)
	RebuildNativeTypeToScriptingClass (7ms)
	initialDomainReloadingComplete (19ms)
	LoadAllAssembliesAndSetupDomain (154ms)
		LoadAssemblies (201ms)
		RebuildTransferFunctionScriptingTraits (0ms)
		AnalyzeDomain (13ms)
			TypeCache.Refresh (6ms)
				TypeCache.ScanAssembly (0ms)
			ScanForSourceGeneratedMonoScriptInfo (0ms)
			ResolveRequiredComponents (5ms)
	FinalizeReload (563ms)
		ReleaseScriptCaches (0ms)
		RebuildScriptCaches (0ms)
		SetupLoadedEditorAssemblies (280ms)
			LogAssemblyErrors (0ms)
			InitializePlatformSupportModulesInManaged (13ms)
			SetLoadedEditorAssemblies (2ms)
			RefreshPlugins (0ms)
			BeforeProcessingInitializeOnLoad (42ms)
			ProcessInitializeOnLoadAttributes (205ms)
			ProcessInitializeOnLoadMethodAttributes (14ms)
			AfterProcessingInitializeOnLoad (3ms)
			EditorAssembliesLoaded (0ms)
		ExecutionOrderSort2 (0ms)
		AwakeInstancesAfterBackupRestoration (4ms)
Refreshing native plugins compatible for Editor in 7.77 ms, found 14 plugins.
Preloading 0 native plugins for Editor in 0.00 ms.
Unloading 3796 Unused Serialized files (Serialized files now loaded: 0)
Unloading 24 unused Assets / (280.6 KB). Loaded Objects now: 4325.
Memory consumption went from 141.6 MB to 141.3 MB.
Total: 2.361200 ms (FindLiveObjects: 0.245600 ms CreateObjectMapping: 0.084200 ms MarkObjects: 1.957800 ms  DeleteObjects: 0.072700 ms)

Prepare: number of updated asset objects reloaded= 0
AssetImportParameters requested are different than current active one (requested -> active):
  custom:container-demuxer-ogg: 62fdf1f143b41e24485cea50d1cbac27 -> 
  custom:video-codec-MediaFoundation-h265: 746d11721c4dcdbdad8f713fa42b33f4 -> 
  custom:video-decoder-ogg-theora: a1e56fd34408186e4bbccfd4996cb3dc -> 
  custom:framework-win-MediaFoundation: 216162199b28c13a410421893ffa2e32 -> 
  custom:CustomObjectIndexerAttribute: 9a22284fe3817be447336de3de66b15e -> 
  custom:container-demuxer-webm: 4f35f7cbe854078d1ac9338744f61a02 -> 
  custom:container-muxer-webm: aa71ff27fc2769a1b78a27578f13a17b -> 
  custom:video-decoder-webm-vp8: 9c59270c3fd7afecdb556c50c9e8de78 -> 
  custom:SearchIndexIgnoredProperties: e643bd26f0fe6173181afceb89e7c659 -> 
  custom:AudioImporter_EditorPlatform: d09bf68614088b80899f8185d706f6e7 -> 
  custom:video-encoder-webm-vp8: eb34c28f22e8b96e1ab97ce403110664 -> 
  custom:audio-decoder-ogg-vorbis: bf7c407c2cedff20999df2af8eb42d56 -> 
  custom:audio-encoder-webm-vorbis: bf7c407c2cedff20999df2af8eb42d56 -> 
  custom:scripting/precompiled-assembly-types:Assembly-CSharp: 05f1fa655ebca8aa50d7052a9a80a2aa -> 019be45a1fb25a17605dd275f0018009
========================================================================
Received Prepare
Caller must complete domain reload
Begin MonoManager ReloadAssembly
- Loaded All Assemblies, in  0.600 seconds
Native extension for WindowsStandalone target not found
Native extension for Android target not found
Native extension for WebGL target not found
Mono: successfully reloaded assembly
- Finished resetting the current domain, in  0.950 seconds
Domain Reload Profiling: 1547ms
	BeginReloadAssembly (152ms)
		ExecutionOrderSort (0ms)
		DisableScriptedObjects (6ms)
		BackupInstance (0ms)
		ReleaseScriptingObjects (0ms)
		CreateAndSetChildDomain (28ms)
	RebuildCommonClasses (39ms)
	RebuildNativeTypeToScriptingClass (13ms)
	initialDomainReloadingComplete (36ms)
	LoadAllAssembliesAndSetupDomain (357ms)
		LoadAssemblies (396ms)
		RebuildTransferFunctionScriptingTraits (0ms)
		AnalyzeDomain (56ms)
			TypeCache.Refresh (17ms)
				TypeCache.ScanAssembly (6ms)
			ScanForSourceGeneratedMonoScriptInfo (8ms)
			ResolveRequiredComponents (28ms)
	FinalizeReload (950ms)
		ReleaseScriptCaches (0ms)
		RebuildScriptCaches (0ms)
		SetupLoadedEditorAssemblies (294ms)
			LogAssemblyErrors (0ms)
			InitializePlatformSupportModulesInManaged (15ms)
			SetLoadedEditorAssemblies (2ms)
			RefreshPlugins (0ms)
			BeforeProcessingInitializeOnLoad (44ms)
			ProcessInitializeOnLoadAttributes (214ms)
			ProcessInitializeOnLoadMethodAttributes (15ms)
			AfterProcessingInitializeOnLoad (3ms)
			EditorAssembliesLoaded (0ms)
		ExecutionOrderSort2 (0ms)
		AwakeInstancesAfterBackupRestoration (5ms)
Refreshing native plugins compatible for Editor in 9.13 ms, found 14 plugins.
Preloading 0 native plugins for Editor in 0.00 ms.
Unloading 3796 Unused Serialized files (Serialized files now loaded: 0)
Unloading 24 unused Assets / (280.6 KB). Loaded Objects now: 4329.
Memory consumption went from 141.6 MB to 141.3 MB.
Total: 2.658200 ms (FindLiveObjects: 0.226700 ms CreateObjectMapping: 0.095900 ms MarkObjects: 2.245300 ms  DeleteObjects: 0.089300 ms)

Prepare: number of updated asset objects reloaded= 0
AssetImportParameters requested are different than current active one (requested -> active):
  custom:container-demuxer-ogg: 62fdf1f143b41e24485cea50d1cbac27 -> 
  custom:video-codec-MediaFoundation-h265: 746d11721c4dcdbdad8f713fa42b33f4 -> 
  custom:video-decoder-ogg-theora: a1e56fd34408186e4bbccfd4996cb3dc -> 
  custom:framework-win-MediaFoundation: 216162199b28c13a410421893ffa2e32 -> 
  custom:CustomObjectIndexerAttribute: 9a22284fe3817be447336de3de66b15e -> 
  custom:container-demuxer-webm: 4f35f7cbe854078d1ac9338744f61a02 -> 
  custom:container-muxer-webm: aa71ff27fc2769a1b78a27578f13a17b -> 
  custom:video-decoder-webm-vp8: 9c59270c3fd7afecdb556c50c9e8de78 -> 
  custom:SearchIndexIgnoredProperties: e643bd26f0fe6173181afceb89e7c659 -> 
  custom:AudioImporter_EditorPlatform: d09bf68614088b80899f8185d706f6e7 -> 
  custom:video-encoder-webm-vp8: eb34c28f22e8b96e1ab97ce403110664 -> 
  custom:audio-decoder-ogg-vorbis: bf7c407c2cedff20999df2af8eb42d56 -> 
  custom:audio-encoder-webm-vorbis: bf7c407c2cedff20999df2af8eb42d56 -> 
  custom:scripting/precompiled-assembly-types:Assembly-CSharp: 05f1fa655ebca8aa50d7052a9a80a2aa -> 019be45a1fb25a17605dd275f0018009
========================================================================
Received Prepare
Caller must complete domain reload
Begin MonoManager ReloadAssembly
- Loaded All Assemblies, in  0.339 seconds
Native extension for WindowsStandalone target not found
Native extension for Android target not found
Native extension for WebGL target not found
Mono: successfully reloaded assembly
- Finished resetting the current domain, in  0.564 seconds
Domain Reload Profiling: 902ms
	BeginReloadAssembly (108ms)
		ExecutionOrderSort (0ms)
		DisableScriptedObjects (5ms)
		BackupInstance (0ms)
		ReleaseScriptingObjects (0ms)
		CreateAndSetChildDomain (21ms)
	RebuildCommonClasses (24ms)
	RebuildNativeTypeToScriptingClass (8ms)
	initialDomainReloadingComplete (21ms)
	LoadAllAssembliesAndSetupDomain (176ms)
		LoadAssemblies (221ms)
		RebuildTransferFunctionScriptingTraits (0ms)
		AnalyzeDomain (14ms)
			TypeCache.Refresh (6ms)
				TypeCache.ScanAssembly (0ms)
			ScanForSourceGeneratedMonoScriptInfo (0ms)
			ResolveRequiredComponents (5ms)
	FinalizeReload (564ms)
		ReleaseScriptCaches (0ms)
		RebuildScriptCaches (0ms)
		SetupLoadedEditorAssemblies (279ms)
			LogAssemblyErrors (0ms)
			InitializePlatformSupportModulesInManaged (13ms)
			SetLoadedEditorAssemblies (2ms)
			RefreshPlugins (0ms)
			BeforeProcessingInitializeOnLoad (41ms)
			ProcessInitializeOnLoadAttributes (205ms)
			ProcessInitializeOnLoadMethodAttributes (15ms)
			AfterProcessingInitializeOnLoad (3ms)
			EditorAssembliesLoaded (0ms)
		ExecutionOrderSort2 (0ms)
		AwakeInstancesAfterBackupRestoration (4ms)
Refreshing native plugins compatible for Editor in 7.05 ms, found 14 plugins.
Preloading 0 native plugins for Editor in 0.00 ms.
Unloading 3796 Unused Serialized files (Serialized files now loaded: 0)
Unloading 24 unused Assets / (280.6 KB). Loaded Objects now: 4333.
Memory consumption went from 141.6 MB to 141.3 MB.
Total: 2.449500 ms (FindLiveObjects: 0.196600 ms CreateObjectMapping: 0.090600 ms MarkObjects: 2.087500 ms  DeleteObjects: 0.073400 ms)

Prepare: number of updated asset objects reloaded= 0
AssetImportParameters requested are different than current active one (requested -> active):
  custom:container-demuxer-ogg: 62fdf1f143b41e24485cea50d1cbac27 -> 
  custom:video-codec-MediaFoundation-h265: 746d11721c4dcdbdad8f713fa42b33f4 -> 
  custom:video-decoder-ogg-theora: a1e56fd34408186e4bbccfd4996cb3dc -> 
  custom:framework-win-MediaFoundation: 216162199b28c13a410421893ffa2e32 -> 
  custom:CustomObjectIndexerAttribute: 9a22284fe3817be447336de3de66b15e -> 
  custom:container-demuxer-webm: 4f35f7cbe854078d1ac9338744f61a02 -> 
  custom:container-muxer-webm: aa71ff27fc2769a1b78a27578f13a17b -> 
  custom:video-decoder-webm-vp8: 9c59270c3fd7afecdb556c50c9e8de78 -> 
  custom:SearchIndexIgnoredProperties: e643bd26f0fe6173181afceb89e7c659 -> 
  custom:AudioImporter_EditorPlatform: d09bf68614088b80899f8185d706f6e7 -> 
  custom:video-encoder-webm-vp8: eb34c28f22e8b96e1ab97ce403110664 -> 
  custom:audio-decoder-ogg-vorbis: bf7c407c2cedff20999df2af8eb42d56 -> 
  custom:audio-encoder-webm-vorbis: bf7c407c2cedff20999df2af8eb42d56 -> 
  custom:scripting/precompiled-assembly-types:Assembly-CSharp: 05f1fa655ebca8aa50d7052a9a80a2aa -> 019be45a1fb25a17605dd275f0018009
========================================================================
Received Prepare
Caller must complete domain reload
Begin MonoManager ReloadAssembly
- Loaded All Assemblies, in  0.340 seconds
Native extension for WindowsStandalone target not found
Native extension for Android target not found
Native extension for WebGL target not found
Mono: successfully reloaded assembly
- Finished resetting the current domain, in  0.571 seconds
Domain Reload Profiling: 911ms
	BeginReloadAssembly (110ms)
		ExecutionOrderSort (0ms)
		DisableScriptedObjects (4ms)
		BackupInstance (0ms)
		ReleaseScriptingObjects (0ms)
		CreateAndSetChildDomain (21ms)
	RebuildCommonClasses (25ms)
	RebuildNativeTypeToScriptingClass (8ms)
	initialDomainReloadingComplete (22ms)
	LoadAllAssembliesAndSetupDomain (175ms)
		LoadAssemblies (221ms)
		RebuildTransferFunctionScriptingTraits (0ms)
		AnalyzeDomain (13ms)
			TypeCache.Refresh (5ms)
				TypeCache.ScanAssembly (0ms)
			ScanForSourceGeneratedMonoScriptInfo (0ms)
			ResolveRequiredComponents (5ms)
	FinalizeReload (572ms)
		ReleaseScriptCaches (0ms)
		RebuildScriptCaches (0ms)
		SetupLoadedEditorAssemblies (283ms)
			LogAssemblyErrors (0ms)
			InitializePlatformSupportModulesInManaged (13ms)
			SetLoadedEditorAssemblies (2ms)
			RefreshPlugins (0ms)
			BeforeProcessingInitializeOnLoad (41ms)
			ProcessInitializeOnLoadAttributes (207ms)
			ProcessInitializeOnLoadMethodAttributes (15ms)
			AfterProcessingInitializeOnLoad (3ms)
			EditorAssembliesLoaded (0ms)
		ExecutionOrderSort2 (0ms)
		AwakeInstancesAfterBackupRestoration (4ms)
Refreshing native plugins compatible for Editor in 7.13 ms, found 14 plugins.
Preloading 0 native plugins for Editor in 0.00 ms.
Unloading 3796 Unused Serialized files (Serialized files now loaded: 0)
Unloading 24 unused Assets / (280.6 KB). Loaded Objects now: 4337.
Memory consumption went from 141.6 MB to 141.3 MB.
Total: 2.498000 ms (FindLiveObjects: 0.205900 ms CreateObjectMapping: 0.089900 ms MarkObjects: 2.133600 ms  DeleteObjects: 0.067800 ms)

Prepare: number of updated asset objects reloaded= 0
AssetImportParameters requested are different than current active one (requested -> active):
  custom:container-demuxer-ogg: 62fdf1f143b41e24485cea50d1cbac27 -> 
  custom:video-codec-MediaFoundation-h265: 746d11721c4dcdbdad8f713fa42b33f4 -> 
  custom:video-decoder-ogg-theora: a1e56fd34408186e4bbccfd4996cb3dc -> 
  custom:framework-win-MediaFoundation: 216162199b28c13a410421893ffa2e32 -> 
  custom:CustomObjectIndexerAttribute: 9a22284fe3817be447336de3de66b15e -> 
  custom:container-demuxer-webm: 4f35f7cbe854078d1ac9338744f61a02 -> 
  custom:container-muxer-webm: aa71ff27fc2769a1b78a27578f13a17b -> 
  custom:video-decoder-webm-vp8: 9c59270c3fd7afecdb556c50c9e8de78 -> 
  custom:SearchIndexIgnoredProperties: e643bd26f0fe6173181afceb89e7c659 -> 
  custom:AudioImporter_EditorPlatform: d09bf68614088b80899f8185d706f6e7 -> 
  custom:video-encoder-webm-vp8: eb34c28f22e8b96e1ab97ce403110664 -> 
  custom:audio-decoder-ogg-vorbis: bf7c407c2cedff20999df2af8eb42d56 -> 
  custom:audio-encoder-webm-vorbis: bf7c407c2cedff20999df2af8eb42d56 -> 
  custom:scripting/precompiled-assembly-types:Assembly-CSharp: 05f1fa655ebca8aa50d7052a9a80a2aa -> 019be45a1fb25a17605dd275f0018009
========================================================================
Received Prepare
Caller must complete domain reload
Begin MonoManager ReloadAssembly
- Loaded All Assemblies, in  0.346 seconds
Native extension for WindowsStandalone target not found
Native extension for Android target not found
Native extension for WebGL target not found
Mono: successfully reloaded assembly
- Finished resetting the current domain, in  0.587 seconds
Domain Reload Profiling: 931ms
	BeginReloadAssembly (113ms)
		ExecutionOrderSort (0ms)
		DisableScriptedObjects (4ms)
		BackupInstance (0ms)
		ReleaseScriptingObjects (0ms)
		CreateAndSetChildDomain (23ms)
	RebuildCommonClasses (23ms)
	RebuildNativeTypeToScriptingClass (8ms)
	initialDomainReloadingComplete (21ms)
	LoadAllAssembliesAndSetupDomain (179ms)
		LoadAssemblies (226ms)
		RebuildTransferFunctionScriptingTraits (0ms)
		AnalyzeDomain (15ms)
			TypeCache.Refresh (7ms)
				TypeCache.ScanAssembly (0ms)
			ScanForSourceGeneratedMonoScriptInfo (0ms)
			ResolveRequiredComponents (5ms)
	FinalizeReload (587ms)
		ReleaseScriptCaches (0ms)
		RebuildScriptCaches (0ms)
		SetupLoadedEditorAssemblies (279ms)
			LogAssemblyErrors (0ms)
			InitializePlatformSupportModulesInManaged (13ms)
			SetLoadedEditorAssemblies (2ms)
			RefreshPlugins (0ms)
			BeforeProcessingInitializeOnLoad (41ms)
			ProcessInitializeOnLoadAttributes (204ms)
			ProcessInitializeOnLoadMethodAttributes (15ms)
			AfterProcessingInitializeOnLoad (3ms)
			EditorAssembliesLoaded (0ms)
		ExecutionOrderSort2 (0ms)
		AwakeInstancesAfterBackupRestoration (4ms)
Refreshing native plugins compatible for Editor in 7.12 ms, found 14 plugins.
Preloading 0 native plugins for Editor in 0.00 ms.
Unloading 3796 Unused Serialized files (Serialized files now loaded: 0)
Unloading 24 unused Assets / (280.6 KB). Loaded Objects now: 4341.
Memory consumption went from 141.6 MB to 141.3 MB.
Total: 2.359400 ms (FindLiveObjects: 0.232400 ms CreateObjectMapping: 0.095300 ms MarkObjects: 1.952000 ms  DeleteObjects: 0.078800 ms)

Prepare: number of updated asset objects reloaded= 0
AssetImportParameters requested are different than current active one (requested -> active):
  custom:container-demuxer-ogg: 62fdf1f143b41e24485cea50d1cbac27 -> 
  custom:video-codec-MediaFoundation-h265: 746d11721c4dcdbdad8f713fa42b33f4 -> 
  custom:video-decoder-ogg-theora: a1e56fd34408186e4bbccfd4996cb3dc -> 
  custom:framework-win-MediaFoundation: 216162199b28c13a410421893ffa2e32 -> 
  custom:CustomObjectIndexerAttribute: 9a22284fe3817be447336de3de66b15e -> 
  custom:container-demuxer-webm: 4f35f7cbe854078d1ac9338744f61a02 -> 
  custom:container-muxer-webm: aa71ff27fc2769a1b78a27578f13a17b -> 
  custom:video-decoder-webm-vp8: 9c59270c3fd7afecdb556c50c9e8de78 -> 
  custom:SearchIndexIgnoredProperties: e643bd26f0fe6173181afceb89e7c659 -> 
  custom:AudioImporter_EditorPlatform: d09bf68614088b80899f8185d706f6e7 -> 
  custom:video-encoder-webm-vp8: eb34c28f22e8b96e1ab97ce403110664 -> 
  custom:audio-decoder-ogg-vorbis: bf7c407c2cedff20999df2af8eb42d56 -> 
  custom:audio-encoder-webm-vorbis: bf7c407c2cedff20999df2af8eb42d56 -> 
  custom:scripting/precompiled-assembly-types:Assembly-CSharp: 05f1fa655ebca8aa50d7052a9a80a2aa -> 019be45a1fb25a17605dd275f0018009
========================================================================
Received Prepare
Caller must complete domain reload
Begin MonoManager ReloadAssembly
- Loaded All Assemblies, in  0.326 seconds
Native extension for WindowsStandalone target not found
Native extension for Android target not found
Native extension for WebGL target not found
Mono: successfully reloaded assembly
- Finished resetting the current domain, in  0.574 seconds
Domain Reload Profiling: 899ms
	BeginReloadAssembly (112ms)
		ExecutionOrderSort (0ms)
		DisableScriptedObjects (4ms)
		BackupInstance (0ms)
		ReleaseScriptingObjects (0ms)
		CreateAndSetChildDomain (22ms)
	RebuildCommonClasses (23ms)
	RebuildNativeTypeToScriptingClass (8ms)
	initialDomainReloadingComplete (21ms)
	LoadAllAssembliesAndSetupDomain (161ms)
		LoadAssemblies (206ms)
		RebuildTransferFunctionScriptingTraits (0ms)
		AnalyzeDomain (14ms)
			TypeCache.Refresh (6ms)
				TypeCache.ScanAssembly (0ms)
			ScanForSourceGeneratedMonoScriptInfo (0ms)
			ResolveRequiredComponents (6ms)
	FinalizeReload (574ms)
		ReleaseScriptCaches (0ms)
		RebuildScriptCaches (0ms)
		SetupLoadedEditorAssemblies (281ms)
			LogAssemblyErrors (0ms)
			InitializePlatformSupportModulesInManaged (12ms)
			SetLoadedEditorAssemblies (2ms)
			RefreshPlugins (0ms)
			BeforeProcessingInitializeOnLoad (41ms)
			ProcessInitializeOnLoadAttributes (207ms)
			ProcessInitializeOnLoadMethodAttributes (16ms)
			AfterProcessingInitializeOnLoad (3ms)
			EditorAssembliesLoaded (0ms)
		ExecutionOrderSort2 (0ms)
		AwakeInstancesAfterBackupRestoration (4ms)
Refreshing native plugins compatible for Editor in 8.01 ms, found 14 plugins.
Preloading 0 native plugins for Editor in 0.00 ms.
Unloading 3796 Unused Serialized files (Serialized files now loaded: 0)
Unloading 24 unused Assets / (280.7 KB). Loaded Objects now: 4345.
Memory consumption went from 141.6 MB to 141.3 MB.
Total: 2.738500 ms (FindLiveObjects: 0.211800 ms CreateObjectMapping: 0.108200 ms MarkObjects: 2.348600 ms  DeleteObjects: 0.069300 ms)

Prepare: number of updated asset objects reloaded= 0
AssetImportParameters requested are different than current active one (requested -> active):
  custom:container-demuxer-ogg: 62fdf1f143b41e24485cea50d1cbac27 -> 
  custom:video-codec-MediaFoundation-h265: 746d11721c4dcdbdad8f713fa42b33f4 -> 
  custom:video-decoder-ogg-theora: a1e56fd34408186e4bbccfd4996cb3dc -> 
  custom:framework-win-MediaFoundation: 216162199b28c13a410421893ffa2e32 -> 
  custom:CustomObjectIndexerAttribute: 9a22284fe3817be447336de3de66b15e -> 
  custom:container-demuxer-webm: 4f35f7cbe854078d1ac9338744f61a02 -> 
  custom:container-muxer-webm: aa71ff27fc2769a1b78a27578f13a17b -> 
  custom:video-decoder-webm-vp8: 9c59270c3fd7afecdb556c50c9e8de78 -> 
  custom:SearchIndexIgnoredProperties: e643bd26f0fe6173181afceb89e7c659 -> 
  custom:AudioImporter_EditorPlatform: d09bf68614088b80899f8185d706f6e7 -> 
  custom:video-encoder-webm-vp8: eb34c28f22e8b96e1ab97ce403110664 -> 
  custom:audio-decoder-ogg-vorbis: bf7c407c2cedff20999df2af8eb42d56 -> 
  custom:audio-encoder-webm-vorbis: bf7c407c2cedff20999df2af8eb42d56 -> 
  custom:scripting/precompiled-assembly-types:Assembly-CSharp: 05f1fa655ebca8aa50d7052a9a80a2aa -> 019be45a1fb25a17605dd275f0018009
========================================================================
Received Prepare
Caller must complete domain reload
Begin MonoManager ReloadAssembly
- Loaded All Assemblies, in  0.327 seconds
Native extension for WindowsStandalone target not found
Native extension for Android target not found
Native extension for WebGL target not found
Mono: successfully reloaded assembly
- Finished resetting the current domain, in  0.601 seconds
Domain Reload Profiling: 927ms
	BeginReloadAssembly (108ms)
		ExecutionOrderSort (0ms)
		DisableScriptedObjects (4ms)
		BackupInstance (0ms)
		ReleaseScriptingObjects (0ms)
		CreateAndSetChildDomain (21ms)
	RebuildCommonClasses (23ms)
	RebuildNativeTypeToScriptingClass (7ms)
	initialDomainReloadingComplete (20ms)
	LoadAllAssembliesAndSetupDomain (166ms)
		LoadAssemblies (211ms)
		RebuildTransferFunctionScriptingTraits (0ms)
		AnalyzeDomain (13ms)
			TypeCache.Refresh (5ms)
				TypeCache.ScanAssembly (0ms)
			ScanForSourceGeneratedMonoScriptInfo (0ms)
			ResolveRequiredComponents (6ms)
	FinalizeReload (601ms)
		ReleaseScriptCaches (0ms)
		RebuildScriptCaches (0ms)
		SetupLoadedEditorAssemblies (268ms)
			LogAssemblyErrors (0ms)
			InitializePlatformSupportModulesInManaged (12ms)
			SetLoadedEditorAssemblies (2ms)
			RefreshPlugins (0ms)
			BeforeProcessingInitializeOnLoad (39ms)
			ProcessInitializeOnLoadAttributes (198ms)
			ProcessInitializeOnLoadMethodAttributes (14ms)
			AfterProcessingInitializeOnLoad (3ms)
			EditorAssembliesLoaded (0ms)
		ExecutionOrderSort2 (0ms)
		AwakeInstancesAfterBackupRestoration (4ms)
Refreshing native plugins compatible for Editor in 7.59 ms, found 14 plugins.
Preloading 0 native plugins for Editor in 0.00 ms.
Unloading 3796 Unused Serialized files (Serialized files now loaded: 0)
Unloading 24 unused Assets / (280.7 KB). Loaded Objects now: 4349.
Memory consumption went from 141.6 MB to 141.3 MB.
Total: 2.405900 ms (FindLiveObjects: 0.191300 ms CreateObjectMapping: 0.087600 ms MarkObjects: 2.054600 ms  DeleteObjects: 0.071900 ms)

Prepare: number of updated asset objects reloaded= 0
AssetImportParameters requested are different than current active one (requested -> active):
  custom:container-demuxer-ogg: 62fdf1f143b41e24485cea50d1cbac27 -> 
  custom:video-codec-MediaFoundation-h265: 746d11721c4dcdbdad8f713fa42b33f4 -> 
  custom:video-decoder-ogg-theora: a1e56fd34408186e4bbccfd4996cb3dc -> 
  custom:framework-win-MediaFoundation: 216162199b28c13a410421893ffa2e32 -> 
  custom:CustomObjectIndexerAttribute: 9a22284fe3817be447336de3de66b15e -> 
  custom:container-demuxer-webm: 4f35f7cbe854078d1ac9338744f61a02 -> 
  custom:container-muxer-webm: aa71ff27fc2769a1b78a27578f13a17b -> 
  custom:video-decoder-webm-vp8: 9c59270c3fd7afecdb556c50c9e8de78 -> 
  custom:SearchIndexIgnoredProperties: e643bd26f0fe6173181afceb89e7c659 -> 
  custom:AudioImporter_EditorPlatform: d09bf68614088b80899f8185d706f6e7 -> 
  custom:video-encoder-webm-vp8: eb34c28f22e8b96e1ab97ce403110664 -> 
  custom:audio-decoder-ogg-vorbis: bf7c407c2cedff20999df2af8eb42d56 -> 
  custom:audio-encoder-webm-vorbis: bf7c407c2cedff20999df2af8eb42d56 -> 
  custom:scripting/precompiled-assembly-types:Assembly-CSharp: 05f1fa655ebca8aa50d7052a9a80a2aa -> 019be45a1fb25a17605dd275f0018009
========================================================================
Received Prepare
Caller must complete domain reload
Begin MonoManager ReloadAssembly
- Loaded All Assemblies, in  0.314 seconds
Native extension for WindowsStandalone target not found
Native extension for Android target not found
Native extension for WebGL target not found
Mono: successfully reloaded assembly
- Finished resetting the current domain, in  0.559 seconds
Domain Reload Profiling: 872ms
	BeginReloadAssembly (108ms)
		ExecutionOrderSort (0ms)
		DisableScriptedObjects (4ms)
		BackupInstance (0ms)
		ReleaseScriptingObjects (0ms)
		CreateAndSetChildDomain (22ms)
	RebuildCommonClasses (22ms)
	RebuildNativeTypeToScriptingClass (7ms)
	initialDomainReloadingComplete (19ms)
	LoadAllAssembliesAndSetupDomain (156ms)
		LoadAssemblies (200ms)
		RebuildTransferFunctionScriptingTraits (0ms)
		AnalyzeDomain (13ms)
			TypeCache.Refresh (5ms)
				TypeCache.ScanAssembly (0ms)
			ScanForSourceGeneratedMonoScriptInfo (0ms)
			ResolveRequiredComponents (5ms)
	FinalizeReload (559ms)
		ReleaseScriptCaches (0ms)
		RebuildScriptCaches (0ms)
		SetupLoadedEditorAssemblies (272ms)
			LogAssemblyErrors (0ms)
			InitializePlatformSupportModulesInManaged (12ms)
			SetLoadedEditorAssemblies (2ms)
			RefreshPlugins (0ms)
			BeforeProcessingInitializeOnLoad (40ms)
			ProcessInitializeOnLoadAttributes (200ms)
			ProcessInitializeOnLoadMethodAttributes (14ms)
			AfterProcessingInitializeOnLoad (3ms)
			EditorAssembliesLoaded (0ms)
		ExecutionOrderSort2 (0ms)
		AwakeInstancesAfterBackupRestoration (4ms)
Refreshing native plugins compatible for Editor in 6.77 ms, found 14 plugins.
Preloading 0 native plugins for Editor in 0.00 ms.
Unloading 3796 Unused Serialized files (Serialized files now loaded: 0)
Unloading 24 unused Assets / (280.6 KB). Loaded Objects now: 4353.
Memory consumption went from 141.6 MB to 141.3 MB.
Total: 2.814800 ms (FindLiveObjects: 0.222900 ms CreateObjectMapping: 0.107500 ms MarkObjects: 2.410000 ms  DeleteObjects: 0.073700 ms)

Prepare: number of updated asset objects reloaded= 0
AssetImportParameters requested are different than current active one (requested -> active):
  custom:container-demuxer-ogg: 62fdf1f143b41e24485cea50d1cbac27 -> 
  custom:video-codec-MediaFoundation-h265: 746d11721c4dcdbdad8f713fa42b33f4 -> 
  custom:video-decoder-ogg-theora: a1e56fd34408186e4bbccfd4996cb3dc -> 
  custom:framework-win-MediaFoundation: 216162199b28c13a410421893ffa2e32 -> 
  custom:CustomObjectIndexerAttribute: 9a22284fe3817be447336de3de66b15e -> 
  custom:container-demuxer-webm: 4f35f7cbe854078d1ac9338744f61a02 -> 
  custom:container-muxer-webm: aa71ff27fc2769a1b78a27578f13a17b -> 
  custom:video-decoder-webm-vp8: 9c59270c3fd7afecdb556c50c9e8de78 -> 
  custom:SearchIndexIgnoredProperties: e643bd26f0fe6173181afceb89e7c659 -> 
  custom:AudioImporter_EditorPlatform: d09bf68614088b80899f8185d706f6e7 -> 
  custom:video-encoder-webm-vp8: eb34c28f22e8b96e1ab97ce403110664 -> 
  custom:audio-decoder-ogg-vorbis: bf7c407c2cedff20999df2af8eb42d56 -> 
  custom:audio-encoder-webm-vorbis: bf7c407c2cedff20999df2af8eb42d56 -> 
  custom:scripting/precompiled-assembly-types:Assembly-CSharp: 05f1fa655ebca8aa50d7052a9a80a2aa -> 019be45a1fb25a17605dd275f0018009
========================================================================
Received Import Request.
  Time since last request: 1200.330465 seconds.
  path: Assets/K2Examples/KinectDemos/BackgroundRemovalDemo/Materials/BackLayer2OutputTex.renderTexture
  artifactKey: Guid(3569d1c3a86e3b749a73e938b3d13c01) Importer(815301076,1909f56bfc062723c751e8b465ee728b)
Start importing Assets/K2Examples/KinectDemos/BackgroundRemovalDemo/Materials/BackLayer2OutputTex.renderTexture using Guid(3569d1c3a86e3b749a73e938b3d13c01) Importer(815301076,1909f56bfc062723c751e8b465ee728b) [PhysX] Initialized MultithreadedTaskDispatcher with 16 workers.
[PhysX] Initialized MultithreadedTaskDispatcher with 16 workers.
 -> (artifact id: '7e07c7a7a4c09b6755ac5622bc54b5dd') in 0.055454 seconds
Number of updated asset objects reloaded before import = 0
Number of asset objects unloaded after import = 2
========================================================================
Received Prepare
Caller must complete domain reload
Begin MonoManager ReloadAssembly
- Loaded All Assemblies, in  0.317 seconds
Native extension for WindowsStandalone target not found
Native extension for Android target not found
Native extension for WebGL target not found
Mono: successfully reloaded assembly
- Finished resetting the current domain, in  0.563 seconds
Domain Reload Profiling: 879ms
	BeginReloadAssembly (109ms)
		ExecutionOrderSort (0ms)
		DisableScriptedObjects (3ms)
		BackupInstance (0ms)
		ReleaseScriptingObjects (0ms)
		CreateAndSetChildDomain (23ms)
	RebuildCommonClasses (22ms)
	RebuildNativeTypeToScriptingClass (7ms)
	initialDomainReloadingComplete (20ms)
	LoadAllAssembliesAndSetupDomain (157ms)
		LoadAssemblies (201ms)
		RebuildTransferFunctionScriptingTraits (0ms)
		AnalyzeDomain (13ms)
			TypeCache.Refresh (6ms)
				TypeCache.ScanAssembly (0ms)
			ScanForSourceGeneratedMonoScriptInfo (0ms)
			ResolveRequiredComponents (5ms)
	FinalizeReload (563ms)
		ReleaseScriptCaches (0ms)
		RebuildScriptCaches (0ms)
		SetupLoadedEditorAssemblies (273ms)
			LogAssemblyErrors (0ms)
			InitializePlatformSupportModulesInManaged (13ms)
			SetLoadedEditorAssemblies (2ms)
			RefreshPlugins (0ms)
			BeforeProcessingInitializeOnLoad (41ms)
			ProcessInitializeOnLoadAttributes (198ms)
			ProcessInitializeOnLoadMethodAttributes (15ms)
			AfterProcessingInitializeOnLoad (4ms)
			EditorAssembliesLoaded (0ms)
		ExecutionOrderSort2 (0ms)
		AwakeInstancesAfterBackupRestoration (4ms)
Refreshing native plugins compatible for Editor in 7.10 ms, found 14 plugins.
Preloading 0 native plugins for Editor in 0.00 ms.
Unloading 3795 Unused Serialized files (Serialized files now loaded: 0)
Unloading 24 unused Assets / (280.7 KB). Loaded Objects now: 4359.
Memory consumption went from 141.4 MB to 141.1 MB.
Total: 3.317100 ms (FindLiveObjects: 0.218700 ms CreateObjectMapping: 0.101800 ms MarkObjects: 2.915000 ms  DeleteObjects: 0.080800 ms)

Prepare: number of updated asset objects reloaded= 0
AssetImportParameters requested are different than current active one (requested -> active):
  custom:container-demuxer-ogg: 62fdf1f143b41e24485cea50d1cbac27 -> 
  custom:video-codec-MediaFoundation-h265: 746d11721c4dcdbdad8f713fa42b33f4 -> 
  custom:video-decoder-ogg-theora: a1e56fd34408186e4bbccfd4996cb3dc -> 
  custom:framework-win-MediaFoundation: 216162199b28c13a410421893ffa2e32 -> 
  custom:CustomObjectIndexerAttribute: 9a22284fe3817be447336de3de66b15e -> 
  custom:container-demuxer-webm: 4f35f7cbe854078d1ac9338744f61a02 -> 
  custom:container-muxer-webm: aa71ff27fc2769a1b78a27578f13a17b -> 
  custom:video-decoder-webm-vp8: 9c59270c3fd7afecdb556c50c9e8de78 -> 
  custom:SearchIndexIgnoredProperties: e643bd26f0fe6173181afceb89e7c659 -> 
  custom:AudioImporter_EditorPlatform: d09bf68614088b80899f8185d706f6e7 -> 
  custom:video-encoder-webm-vp8: eb34c28f22e8b96e1ab97ce403110664 -> 
  custom:audio-decoder-ogg-vorbis: bf7c407c2cedff20999df2af8eb42d56 -> 
  custom:audio-encoder-webm-vorbis: bf7c407c2cedff20999df2af8eb42d56 -> 
  custom:scripting/precompiled-assembly-types:Assembly-CSharp: 05f1fa655ebca8aa50d7052a9a80a2aa -> 019be45a1fb25a17605dd275f0018009
========================================================================
Received Import Request.
  Time since last request: 331.941523 seconds.
  path: Assets/JustDance/Scripts/Recording/Insta360Capture.cs
  artifactKey: Guid(3889eaaa8a939d94587e8782e2785d14) Importer(815301076,1909f56bfc062723c751e8b465ee728b)
Start importing Assets/JustDance/Scripts/Recording/Insta360Capture.cs using Guid(3889eaaa8a939d94587e8782e2785d14) Importer(815301076,1909f56bfc062723c751e8b465ee728b) [PhysX] Initialized MultithreadedTaskDispatcher with 16 workers.
 -> (artifact id: '696689eae82597e011fb6c60dab6c6a5') in 0.003275 seconds
Number of updated asset objects reloaded before import = 0
Number of asset objects unloaded after import = 0
========================================================================
Received Prepare
Caller must complete domain reload
Begin MonoManager ReloadAssembly
- Loaded All Assemblies, in  0.338 seconds
Native extension for WindowsStandalone target not found
Native extension for Android target not found
Native extension for WebGL target not found
Mono: successfully reloaded assembly
- Finished resetting the current domain, in  0.637 seconds
Domain Reload Profiling: 974ms
	BeginReloadAssembly (110ms)
		ExecutionOrderSort (0ms)
		DisableScriptedObjects (3ms)
		BackupInstance (0ms)
		ReleaseScriptingObjects (0ms)
		CreateAndSetChildDomain (23ms)
	RebuildCommonClasses (24ms)
	RebuildNativeTypeToScriptingClass (8ms)
	initialDomainReloadingComplete (22ms)
	LoadAllAssembliesAndSetupDomain (173ms)
		LoadAssemblies (219ms)
		RebuildTransferFunctionScriptingTraits (0ms)
		AnalyzeDomain (13ms)
			TypeCache.Refresh (6ms)
				TypeCache.ScanAssembly (0ms)
			ScanForSourceGeneratedMonoScriptInfo (0ms)
			ResolveRequiredComponents (5ms)
	FinalizeReload (638ms)
		ReleaseScriptCaches (0ms)
		RebuildScriptCaches (0ms)
		SetupLoadedEditorAssemblies (333ms)
			LogAssemblyErrors (0ms)
			InitializePlatformSupportModulesInManaged (15ms)
			SetLoadedEditorAssemblies (3ms)
			RefreshPlugins (0ms)
			BeforeProcessingInitializeOnLoad (45ms)
			ProcessInitializeOnLoadAttributes (248ms)
			ProcessInitializeOnLoadMethodAttributes (19ms)
			AfterProcessingInitializeOnLoad (4ms)
			EditorAssembliesLoaded (0ms)
		ExecutionOrderSort2 (0ms)
		AwakeInstancesAfterBackupRestoration (6ms)
Refreshing native plugins compatible for Editor in 6.71 ms, found 14 plugins.
Preloading 0 native plugins for Editor in 0.00 ms.
Unloading 3795 Unused Serialized files (Serialized files now loaded: 0)
Unloading 24 unused Assets / (280.6 KB). Loaded Objects now: 4363.
Memory consumption went from 141.4 MB to 141.1 MB.
Total: 2.920600 ms (FindLiveObjects: 0.212500 ms CreateObjectMapping: 0.239000 ms MarkObjects: 2.391800 ms  DeleteObjects: 0.076700 ms)

Prepare: number of updated asset objects reloaded= 0
AssetImportParameters requested are different than current active one (requested -> active):
  custom:container-demuxer-ogg: 62fdf1f143b41e24485cea50d1cbac27 -> 
  custom:video-codec-MediaFoundation-h265: 746d11721c4dcdbdad8f713fa42b33f4 -> 
  custom:video-decoder-ogg-theora: a1e56fd34408186e4bbccfd4996cb3dc -> 
  custom:framework-win-MediaFoundation: 216162199b28c13a410421893ffa2e32 -> 
  custom:CustomObjectIndexerAttribute: 9a22284fe3817be447336de3de66b15e -> 
  custom:container-demuxer-webm: 4f35f7cbe854078d1ac9338744f61a02 -> 
  custom:container-muxer-webm: aa71ff27fc2769a1b78a27578f13a17b -> 
  custom:video-decoder-webm-vp8: 9c59270c3fd7afecdb556c50c9e8de78 -> 
  custom:SearchIndexIgnoredProperties: e643bd26f0fe6173181afceb89e7c659 -> 
  custom:AudioImporter_EditorPlatform: d09bf68614088b80899f8185d706f6e7 -> 
  custom:video-encoder-webm-vp8: eb34c28f22e8b96e1ab97ce403110664 -> 
  custom:audio-decoder-ogg-vorbis: bf7c407c2cedff20999df2af8eb42d56 -> 
  custom:audio-encoder-webm-vorbis: bf7c407c2cedff20999df2af8eb42d56 -> 
  custom:scripting/precompiled-assembly-types:Assembly-CSharp: 05f1fa655ebca8aa50d7052a9a80a2aa -> 019be45a1fb25a17605dd275f0018009
========================================================================
Received Import Request.
  Time since last request: 232.173227 seconds.
  path: Assets/JustDance/Scripts/Recording
  artifactKey: Guid(a33bf1bcd2dc5604796b3a1d957c0693) Importer(815301076,1909f56bfc062723c751e8b465ee728b)
Start importing Assets/JustDance/Scripts/Recording using Guid(a33bf1bcd2dc5604796b3a1d957c0693) Importer(815301076,1909f56bfc062723c751e8b465ee728b) [PhysX] Initialized MultithreadedTaskDispatcher with 16 workers.
 -> (artifact id: 'adc60e8f68b8fc43cb9acc6490f45689') in 0.004009 seconds
Number of updated asset objects reloaded before import = 0
Number of asset objects unloaded after import = 0
========================================================================
Received Import Request.
  Time since last request: 3.583156 seconds.
  path: Assets/FfmpegUnity/Materials/RenderTextureMaterial.mat
  artifactKey: Guid(e9147fe571baa8844addce8a6a357392) Importer(815301076,1909f56bfc062723c751e8b465ee728b)
Start importing Assets/FfmpegUnity/Materials/RenderTextureMaterial.mat using Guid(e9147fe571baa8844addce8a6a357392) Importer(815301076,1909f56bfc062723c751e8b465ee728b) [PhysX] Initialized MultithreadedTaskDispatcher with 16 workers.
[PhysX] Initialized MultithreadedTaskDispatcher with 16 workers.
 -> (artifact id: '4c2fc08e430892a7e41bd035a0c387ae') in 0.201056 seconds
Number of updated asset objects reloaded before import = 0
Number of asset objects unloaded after import = 2
========================================================================
Received Import Request.
  Time since last request: 3.626573 seconds.
  path: Assets/K2Examples/KinectDemos/VariousDemos/Materials/MirrorTex.mat
  artifactKey: Guid(9bc4584b119a3454bbc25124ed4af74b) Importer(815301076,1909f56bfc062723c751e8b465ee728b)
Start importing Assets/K2Examples/KinectDemos/VariousDemos/Materials/MirrorTex.mat using Guid(9bc4584b119a3454bbc25124ed4af74b) Importer(815301076,1909f56bfc062723c751e8b465ee728b) [PhysX] Initialized MultithreadedTaskDispatcher with 16 workers.
[PhysX] Initialized MultithreadedTaskDispatcher with 16 workers.
 -> (artifact id: '3b5822660faf210c720d4d9d5ff49122') in 0.062313 seconds
Number of updated asset objects reloaded before import = 0
Number of asset objects unloaded after import = 2
========================================================================
Received Import Request.
  Time since last request: 0.939895 seconds.
  path: Assets/K2Examples/KinectDemos/FittingRoomDemo/Textures/summit-beach-resort.png
  artifactKey: Guid(4b10022277ac1294081ea3d751a2ae3e) Importer(815301076,1909f56bfc062723c751e8b465ee728b)
Start importing Assets/K2Examples/KinectDemos/FittingRoomDemo/Textures/summit-beach-resort.png using Guid(4b10022277ac1294081ea3d751a2ae3e) Importer(815301076,1909f56bfc062723c751e8b465ee728b) [PhysX] Initialized MultithreadedTaskDispatcher with 16 workers.
[PhysX] Initialized MultithreadedTaskDispatcher with 16 workers.
 -> (artifact id: '47a94719de89e5ee60971f25942883f8') in 0.021674 seconds
Number of updated asset objects reloaded before import = 0
Number of asset objects unloaded after import = 2
========================================================================
Received Import Request.
  Time since last request: 0.011992 seconds.
  path: Assets/FfmpegUnity/Sounds/whatsapp-audio-2025-06-07-at-162111_RTeLHmEC.mp3
  artifactKey: Guid(0ab7d594f48e0df48bbb958acef645b8) Importer(815301076,1909f56bfc062723c751e8b465ee728b)
Start importing Assets/FfmpegUnity/Sounds/whatsapp-audio-2025-06-07-at-162111_RTeLHmEC.mp3 using Guid(0ab7d594f48e0df48bbb958acef645b8) Importer(815301076,1909f56bfc062723c751e8b465ee728b) [PhysX] Initialized MultithreadedTaskDispatcher with 16 workers.
[PhysX] Initialized MultithreadedTaskDispatcher with 16 workers.
 -> (artifact id: '9150986784ab72a5cc2ca2cbe8d3a5a5') in 0.009085 seconds
Number of updated asset objects reloaded before import = 0
Number of asset objects unloaded after import = 2
========================================================================
Received Import Request.
  Time since last request: 4.087915 seconds.
  path: Assets/StreamingAssets/ExportedVideos
  artifactKey: Guid(66a268dfbc68fa34793324e7ca6df53e) Importer(815301076,1909f56bfc062723c751e8b465ee728b)
Start importing Assets/StreamingAssets/ExportedVideos using Guid(66a268dfbc68fa34793324e7ca6df53e) Importer(815301076,1909f56bfc062723c751e8b465ee728b) [PhysX] Initialized MultithreadedTaskDispatcher with 16 workers.
 -> (artifact id: '6f8739e51ca0d42755e3ed988fef1696') in 0.000564 seconds
Number of updated asset objects reloaded before import = 0
Number of asset objects unloaded after import = 0
========================================================================
Received Import Request.
  Time since last request: 25.014660 seconds.
  path: Assets/K2Examples/KinectDemos/BackgroundRemovalDemo/Materials/BackLayer2OutputTex.renderTexture
  artifactKey: Guid(3569d1c3a86e3b749a73e938b3d13c01) Importer(815301076,1909f56bfc062723c751e8b465ee728b)
Start importing Assets/K2Examples/KinectDemos/BackgroundRemovalDemo/Materials/BackLayer2OutputTex.renderTexture using Guid(3569d1c3a86e3b749a73e938b3d13c01) Importer(815301076,1909f56bfc062723c751e8b465ee728b) [PhysX] Initialized MultithreadedTaskDispatcher with 16 workers.
[PhysX] Initialized MultithreadedTaskDispatcher with 16 workers.
 -> (artifact id: 'f59e59770283437628f4f5d84dd35aed') in 0.010013 seconds
Number of updated asset objects reloaded before import = 0
Number of asset objects unloaded after import = 2
========================================================================
Received Import Request.
  Time since last request: 16.382800 seconds.
  path: Assets/K2Examples/KinectDemos/MovieSequenceDemo/Textures/MovieSequence/000.png
  artifactKey: Guid(03677f3439f69394e8c10828dd239b6c) Importer(815301076,1909f56bfc062723c751e8b465ee728b)
Start importing Assets/K2Examples/KinectDemos/MovieSequenceDemo/Textures/MovieSequence/000.png using Guid(03677f3439f69394e8c10828dd239b6c) Importer(815301076,1909f56bfc062723c751e8b465ee728b) [PhysX] Initialized MultithreadedTaskDispatcher with 16 workers.
[PhysX] Initialized MultithreadedTaskDispatcher with 16 workers.
 -> (artifact id: '84179ee16927704d311057fdcd4db9ca') in 0.008888 seconds
Number of updated asset objects reloaded before import = 0
Number of asset objects unloaded after import = 2
========================================================================
Received Import Request.
  Time since last request: 0.002893 seconds.
  path: Assets/K2Examples/KinectDemos/MovieSequenceDemo/Textures/MovieSequence/003.png
  artifactKey: Guid(d0f017e4a59bc0e42a243c8d604797c2) Importer(815301076,1909f56bfc062723c751e8b465ee728b)
Start importing Assets/K2Examples/KinectDemos/MovieSequenceDemo/Textures/MovieSequence/003.png using Guid(d0f017e4a59bc0e42a243c8d604797c2) Importer(815301076,1909f56bfc062723c751e8b465ee728b) [PhysX] Initialized MultithreadedTaskDispatcher with 16 workers.
[PhysX] Initialized MultithreadedTaskDispatcher with 16 workers.
 -> (artifact id: '946003a67ce2f7d1b9c97a1b0e579b4f') in 0.008323 seconds
Number of updated asset objects reloaded before import = 0
Number of asset objects unloaded after import = 2
========================================================================
Received Import Request.
  Time since last request: 0.000020 seconds.
  path: Assets/K2Examples/KinectDemos/MovieSequenceDemo/Textures/MovieSequence/006.png
  artifactKey: Guid(1bfdd53719e5f5a4a974f4b0fa638e13) Importer(815301076,1909f56bfc062723c751e8b465ee728b)
Start importing Assets/K2Examples/KinectDemos/MovieSequenceDemo/Textures/MovieSequence/006.png using Guid(1bfdd53719e5f5a4a974f4b0fa638e13) Importer(815301076,1909f56bfc062723c751e8b465ee728b) [PhysX] Initialized MultithreadedTaskDispatcher with 16 workers.
[PhysX] Initialized MultithreadedTaskDispatcher with 16 workers.
 -> (artifact id: '086ff6e683f809910e0a0163e5127471') in 0.006803 seconds
Number of updated asset objects reloaded before import = 0
Number of asset objects unloaded after import = 2
========================================================================
Received Import Request.
  Time since last request: 0.000017 seconds.
  path: Assets/K2Examples/KinectDemos/BackgroundRemovalDemo/Textures/background-wallpaper1.png
  artifactKey: Guid(1e22269c00c30164e9356ecac34feae6) Importer(815301076,1909f56bfc062723c751e8b465ee728b)
Start importing Assets/K2Examples/KinectDemos/BackgroundRemovalDemo/Textures/background-wallpaper1.png using Guid(1e22269c00c30164e9356ecac34feae6) Importer(815301076,1909f56bfc062723c751e8b465ee728b) [PhysX] Initialized MultithreadedTaskDispatcher with 16 workers.
[PhysX] Initialized MultithreadedTaskDispatcher with 16 workers.
 -> (artifact id: 'f31db971c74e3e0b5a51e12df95bfc30') in 0.007506 seconds
Number of updated asset objects reloaded before import = 0
Number of asset objects unloaded after import = 2
========================================================================
Received Import Request.
  Time since last request: 0.000013 seconds.
  path: Assets/K2Examples/KinectDemos/MovieSequenceDemo/Textures/MovieSequence/023.png
  artifactKey: Guid(c4813d762a405b54680f2abc730c1a01) Importer(815301076,1909f56bfc062723c751e8b465ee728b)
Start importing Assets/K2Examples/KinectDemos/MovieSequenceDemo/Textures/MovieSequence/023.png using Guid(c4813d762a405b54680f2abc730c1a01) Importer(815301076,1909f56bfc062723c751e8b465ee728b) [PhysX] Initialized MultithreadedTaskDispatcher with 16 workers.
[PhysX] Initialized MultithreadedTaskDispatcher with 16 workers.
 -> (artifact id: '55f71b21f5d35c9010d0abd136c34713') in 0.006355 seconds
Number of updated asset objects reloaded before import = 0
Number of asset objects unloaded after import = 2
========================================================================
Received Import Request.
  Time since last request: 0.000018 seconds.
  path: Assets/K2Examples/KinectDemos/MovieSequenceDemo/Textures/MovieSequence/005.png
  artifactKey: Guid(e437c38ec73fe2344bec655969de8ab4) Importer(815301076,1909f56bfc062723c751e8b465ee728b)
Start importing Assets/K2Examples/KinectDemos/MovieSequenceDemo/Textures/MovieSequence/005.png using Guid(e437c38ec73fe2344bec655969de8ab4) Importer(815301076,1909f56bfc062723c751e8b465ee728b) [PhysX] Initialized MultithreadedTaskDispatcher with 16 workers.
[PhysX] Initialized MultithreadedTaskDispatcher with 16 workers.
 -> (artifact id: 'c670fbfc7a42b36c87aace954fdfdf6b') in 0.007405 seconds
Number of updated asset objects reloaded before import = 0
Number of asset objects unloaded after import = 2
========================================================================
Received Import Request.
  Time since last request: 0.000015 seconds.
  path: Assets/K2Examples/KinectDemos/MovieSequenceDemo/Textures/MovieSequence/021.png
  artifactKey: Guid(3d26fdb4bf49f8e4a98909dd1a59ccc4) Importer(815301076,1909f56bfc062723c751e8b465ee728b)
Start importing Assets/K2Examples/KinectDemos/MovieSequenceDemo/Textures/MovieSequence/021.png using Guid(3d26fdb4bf49f8e4a98909dd1a59ccc4) Importer(815301076,1909f56bfc062723c751e8b465ee728b) [PhysX] Initialized MultithreadedTaskDispatcher with 16 workers.
[PhysX] Initialized MultithreadedTaskDispatcher with 16 workers.
 -> (artifact id: 'f9a912c19218336de128c25feba4ad64') in 0.008642 seconds
Number of updated asset objects reloaded before import = 0
Number of asset objects unloaded after import = 2
========================================================================
Received Import Request.
  Time since last request: 0.000016 seconds.
  path: Assets/K2Examples/KinectDemos/MovieSequenceDemo/Textures/MovieSequence/024.png
  artifactKey: Guid(5fdb68e15d947fb4da1661ed6977808c) Importer(815301076,1909f56bfc062723c751e8b465ee728b)
Start importing Assets/K2Examples/KinectDemos/MovieSequenceDemo/Textures/MovieSequence/024.png using Guid(5fdb68e15d947fb4da1661ed6977808c) Importer(815301076,1909f56bfc062723c751e8b465ee728b) [PhysX] Initialized MultithreadedTaskDispatcher with 16 workers.
[PhysX] Initialized MultithreadedTaskDispatcher with 16 workers.
 -> (artifact id: '57b81c0bb76e5940a05d738a659c6089') in 0.005909 seconds
Number of updated asset objects reloaded before import = 0
Number of asset objects unloaded after import = 2
========================================================================
Received Import Request.
  Time since last request: 0.000014 seconds.
  path: Assets/K2Examples/KinectDemos/MovieSequenceDemo/Textures/MovieSequence/010.png
  artifactKey: Guid(4feed826146dc484f93e946e9a90acc1) Importer(815301076,1909f56bfc062723c751e8b465ee728b)
Start importing Assets/K2Examples/KinectDemos/MovieSequenceDemo/Textures/MovieSequence/010.png using Guid(4feed826146dc484f93e946e9a90acc1) Importer(815301076,1909f56bfc062723c751e8b465ee728b) [PhysX] Initialized MultithreadedTaskDispatcher with 16 workers.
[PhysX] Initialized MultithreadedTaskDispatcher with 16 workers.
 -> (artifact id: '734554fbea4e164a92c353d654fe1a75') in 0.005768 seconds
Number of updated asset objects reloaded before import = 0
Number of asset objects unloaded after import = 2
========================================================================
Received Import Request.
  Time since last request: 0.000012 seconds.
  path: Assets/K2Examples/KinectDemos/MovieSequenceDemo/Textures/MovieSequence/016.png
  artifactKey: Guid(19659abe8bb8ec44cb87b43f0b1dc3e5) Importer(815301076,1909f56bfc062723c751e8b465ee728b)
Start importing Assets/K2Examples/KinectDemos/MovieSequenceDemo/Textures/MovieSequence/016.png using Guid(19659abe8bb8ec44cb87b43f0b1dc3e5) Importer(815301076,1909f56bfc062723c751e8b465ee728b) [PhysX] Initialized MultithreadedTaskDispatcher with 16 workers.
[PhysX] Initialized MultithreadedTaskDispatcher with 16 workers.
 -> (artifact id: 'e7d2061940be6f4b7592cd76f66db675') in 0.007802 seconds
Number of updated asset objects reloaded before import = 0
Number of asset objects unloaded after import = 2
========================================================================
Received Import Request.
  Time since last request: 0.000053 seconds.
  path: Assets/K2Examples/KinectDemos/MovieSequenceDemo/Textures/MovieSequence/009.png
  artifactKey: Guid(04f1304486151ba46be6f6d3ed9528e5) Importer(815301076,1909f56bfc062723c751e8b465ee728b)
Start importing Assets/K2Examples/KinectDemos/MovieSequenceDemo/Textures/MovieSequence/009.png using Guid(04f1304486151ba46be6f6d3ed9528e5) Importer(815301076,1909f56bfc062723c751e8b465ee728b) [PhysX] Initialized MultithreadedTaskDispatcher with 16 workers.
[PhysX] Initialized MultithreadedTaskDispatcher with 16 workers.
 -> (artifact id: 'b401a74ff07573914635bb6b4bf84c1f') in 0.005610 seconds
Number of updated asset objects reloaded before import = 0
Number of asset objects unloaded after import = 2
========================================================================
Received Import Request.
  Time since last request: 0.000046 seconds.
  path: Assets/K2Examples/KinectDemos/MovieSequenceDemo/Textures/MovieSequence/007.png
  artifactKey: Guid(16ac128137044aa4c8dc8f596d6cc990) Importer(815301076,1909f56bfc062723c751e8b465ee728b)
Start importing Assets/K2Examples/KinectDemos/MovieSequenceDemo/Textures/MovieSequence/007.png using Guid(16ac128137044aa4c8dc8f596d6cc990) Importer(815301076,1909f56bfc062723c751e8b465ee728b) [PhysX] Initialized MultithreadedTaskDispatcher with 16 workers.
[PhysX] Initialized MultithreadedTaskDispatcher with 16 workers.
 -> (artifact id: '97db8d8b9ef19c8bbcaf924201ce3175') in 0.008112 seconds
Number of updated asset objects reloaded before import = 0
Number of asset objects unloaded after import = 2
========================================================================
Received Import Request.
  Time since last request: 0.000021 seconds.
  path: Assets/K2Examples/KinectDemos/MovieSequenceDemo/Textures/MovieSequence/002.png
  artifactKey: Guid(57b10a7d496d78e468b64a6afeaa3479) Importer(815301076,1909f56bfc062723c751e8b465ee728b)
Start importing Assets/K2Examples/KinectDemos/MovieSequenceDemo/Textures/MovieSequence/002.png using Guid(57b10a7d496d78e468b64a6afeaa3479) Importer(815301076,1909f56bfc062723c751e8b465ee728b) [PhysX] Initialized MultithreadedTaskDispatcher with 16 workers.
[PhysX] Initialized MultithreadedTaskDispatcher with 16 workers.
 -> (artifact id: 'ece4ba7b4766af18340165c711087081') in 0.008062 seconds
Number of updated asset objects reloaded before import = 0
Number of asset objects unloaded after import = 2
========================================================================
Received Import Request.
  Time since last request: 0.000015 seconds.
  path: Assets/K2Examples/KinectDemos/MovieSequenceDemo/Textures/MovieSequence/017.png
  artifactKey: Guid(845f554637eb93745986d1649ca0fcdd) Importer(815301076,1909f56bfc062723c751e8b465ee728b)
Start importing Assets/K2Examples/KinectDemos/MovieSequenceDemo/Textures/MovieSequence/017.png using Guid(845f554637eb93745986d1649ca0fcdd) Importer(815301076,1909f56bfc062723c751e8b465ee728b) [PhysX] Initialized MultithreadedTaskDispatcher with 16 workers.
[PhysX] Initialized MultithreadedTaskDispatcher with 16 workers.
 -> (artifact id: '74f977059dff48d7bd68f46f5cd91617') in 0.006717 seconds
Number of updated asset objects reloaded before import = 0
Number of asset objects unloaded after import = 2
========================================================================
Received Import Request.
  Time since last request: 0.000020 seconds.
  path: Assets/K2Examples/KinectDemos/AvatarsDemo/Cubeman/ColorCube.fbm/CubeMap.png
  artifactKey: Guid(20f97899a7978bb40922b46bc3e13eda) Importer(815301076,1909f56bfc062723c751e8b465ee728b)
Start importing Assets/K2Examples/KinectDemos/AvatarsDemo/Cubeman/ColorCube.fbm/CubeMap.png using Guid(20f97899a7978bb40922b46bc3e13eda) Importer(815301076,1909f56bfc062723c751e8b465ee728b) [PhysX] Initialized MultithreadedTaskDispatcher with 16 workers.
[PhysX] Initialized MultithreadedTaskDispatcher with 16 workers.
 -> (artifact id: 'a76ca595387282bdfef24f1c40c3ee61') in 0.006518 seconds
Number of updated asset objects reloaded before import = 0
Number of asset objects unloaded after import = 2
========================================================================
Received Import Request.
  Time since last request: 0.000019 seconds.
  path: Assets/K2Examples/KinectDemos/AvatarsDemo/Textures/grid.png
  artifactKey: Guid(39cd60652f1f10944b3b1f8cafeb28ae) Importer(815301076,1909f56bfc062723c751e8b465ee728b)
Start importing Assets/K2Examples/KinectDemos/AvatarsDemo/Textures/grid.png using Guid(39cd60652f1f10944b3b1f8cafeb28ae) Importer(815301076,1909f56bfc062723c751e8b465ee728b) [PhysX] Initialized MultithreadedTaskDispatcher with 16 workers.
[PhysX] Initialized MultithreadedTaskDispatcher with 16 workers.
 -> (artifact id: '6c287a607cc3fc963e246f3b0d1d9b1b') in 0.008025 seconds
Number of updated asset objects reloaded before import = 0
Number of asset objects unloaded after import = 2
========================================================================
Received Import Request.
  Time since last request: 0.000077 seconds.
  path: Assets/K2Examples/KinectDemos/MovieSequenceDemo/Textures/MovieSequence/004.png
  artifactKey: Guid(abba78f14d839f94c870e6148717587e) Importer(815301076,1909f56bfc062723c751e8b465ee728b)
Start importing Assets/K2Examples/KinectDemos/MovieSequenceDemo/Textures/MovieSequence/004.png using Guid(abba78f14d839f94c870e6148717587e) Importer(815301076,1909f56bfc062723c751e8b465ee728b) [PhysX] Initialized MultithreadedTaskDispatcher with 16 workers.
[PhysX] Initialized MultithreadedTaskDispatcher with 16 workers.
 -> (artifact id: '60e937418e347db58544bd874772dce6') in 0.005632 seconds
Number of updated asset objects reloaded before import = 0
Number of asset objects unloaded after import = 2
========================================================================
Received Import Request.
  Time since last request: 0.000012 seconds.
  path: Assets/K2Examples/KinectDemos/MovieSequenceDemo/Textures/MovieSequence/018.png
  artifactKey: Guid(68521ee4dfe792549b0b4ef6a3aed3e1) Importer(815301076,1909f56bfc062723c751e8b465ee728b)
Start importing Assets/K2Examples/KinectDemos/MovieSequenceDemo/Textures/MovieSequence/018.png using Guid(68521ee4dfe792549b0b4ef6a3aed3e1) Importer(815301076,1909f56bfc062723c751e8b465ee728b) [PhysX] Initialized MultithreadedTaskDispatcher with 16 workers.
[PhysX] Initialized MultithreadedTaskDispatcher with 16 workers.
 -> (artifact id: '8543397dcd7c9cf3e1226f6e48be61f6') in 0.005610 seconds
Number of updated asset objects reloaded before import = 0
Number of asset objects unloaded after import = 2
========================================================================
Received Import Request.
  Time since last request: 0.000026 seconds.
  path: Assets/K2Examples/KinectDemos/MovieSequenceDemo/Textures/MovieSequence/008.png
  artifactKey: Guid(90b3d2aa8557b004da44a61ea125ab77) Importer(815301076,1909f56bfc062723c751e8b465ee728b)
Start importing Assets/K2Examples/KinectDemos/MovieSequenceDemo/Textures/MovieSequence/008.png using Guid(90b3d2aa8557b004da44a61ea125ab77) Importer(815301076,1909f56bfc062723c751e8b465ee728b) [PhysX] Initialized MultithreadedTaskDispatcher with 16 workers.
[PhysX] Initialized MultithreadedTaskDispatcher with 16 workers.
 -> (artifact id: '71962c6c51a76f3df660a3397dd61861') in 0.006535 seconds
Number of updated asset objects reloaded before import = 0
Number of asset objects unloaded after import = 2
========================================================================
Received Import Request.
  Time since last request: 1.091131 seconds.
  path: Assets/TextMesh Pro/Resources/Fonts & Materials/LiberationSans SDF - Fallback.asset
  artifactKey: Guid(2e498d1c8094910479dc3e1b768306a4) Importer(815301076,1909f56bfc062723c751e8b465ee728b)
Start importing Assets/TextMesh Pro/Resources/Fonts & Materials/LiberationSans SDF - Fallback.asset using Guid(2e498d1c8094910479dc3e1b768306a4) Importer(815301076,1909f56bfc062723c751e8b465ee728b) [PhysX] Initialized MultithreadedTaskDispatcher with 16 workers.
[PhysX] Initialized MultithreadedTaskDispatcher with 16 workers.
[PhysX] Initialized MultithreadedTaskDispatcher with 16 workers.
 -> (artifact id: '02de02c368f2da0774dce83cdb2a5a99') in 0.022912 seconds
Number of updated asset objects reloaded before import = 0
Number of asset objects unloaded after import = 6
========================================================================
Received Import Request.
  Time since last request: 0.000026 seconds.
  path: Assets/K2Examples/KinectDemos/FittingRoomDemo/Resources/Clothing/0000/skin.png
  artifactKey: Guid(b2859a06c19427f4692bb224bee67051) Importer(815301076,1909f56bfc062723c751e8b465ee728b)
Start importing Assets/K2Examples/KinectDemos/FittingRoomDemo/Resources/Clothing/0000/skin.png using Guid(b2859a06c19427f4692bb224bee67051) Importer(815301076,1909f56bfc062723c751e8b465ee728b) [PhysX] Initialized MultithreadedTaskDispatcher with 16 workers.
[PhysX] Initialized MultithreadedTaskDispatcher with 16 workers.
 -> (artifact id: '56632f84a27290dc717683f5e0e99cf4') in 0.006842 seconds
Number of updated asset objects reloaded before import = 0
Number of asset objects unloaded after import = 2
========================================================================
Received Import Request.
  Time since last request: 0.000016 seconds.
  path: Assets/K2Examples/KinectDemos/FittingRoomDemo/Resources/Clothing/0001/skin.png
  artifactKey: Guid(8e7f4d5d6ef035046bd54e6969198154) Importer(815301076,1909f56bfc062723c751e8b465ee728b)
Start importing Assets/K2Examples/KinectDemos/FittingRoomDemo/Resources/Clothing/0001/skin.png using Guid(8e7f4d5d6ef035046bd54e6969198154) Importer(815301076,1909f56bfc062723c751e8b465ee728b) [PhysX] Initialized MultithreadedTaskDispatcher with 16 workers.
[PhysX] Initialized MultithreadedTaskDispatcher with 16 workers.
 -> (artifact id: 'b58bcbbb52b8a501117526b1b1b4958c') in 0.007462 seconds
Number of updated asset objects reloaded before import = 0
Number of asset objects unloaded after import = 2
========================================================================
Received Import Request.
  Time since last request: 0.000016 seconds.
  path: Assets/K2Examples/KinectDemos/GesturesDemo/SlideTextures/Slide02.png
  artifactKey: Guid(a28746d09dc670d46b948c6870ffa042) Importer(815301076,1909f56bfc062723c751e8b465ee728b)
Start importing Assets/K2Examples/KinectDemos/GesturesDemo/SlideTextures/Slide02.png using Guid(a28746d09dc670d46b948c6870ffa042) Importer(815301076,1909f56bfc062723c751e8b465ee728b) [PhysX] Initialized MultithreadedTaskDispatcher with 16 workers.
[PhysX] Initialized MultithreadedTaskDispatcher with 16 workers.
 -> (artifact id: '7d75a10faf51b2e74a69b9f5e9baf0a8') in 0.006202 seconds
Number of updated asset objects reloaded before import = 0
Number of asset objects unloaded after import = 2
========================================================================
Received Import Request.
  Time since last request: 0.000019 seconds.
  path: Assets/K2Examples/KinectDemos/FittingRoomDemo/Resources/Clothing/0002/skin.png
  artifactKey: Guid(5a39905a473091d4c898eb34fb330f23) Importer(815301076,1909f56bfc062723c751e8b465ee728b)
Start importing Assets/K2Examples/KinectDemos/FittingRoomDemo/Resources/Clothing/0002/skin.png using Guid(5a39905a473091d4c898eb34fb330f23) Importer(815301076,1909f56bfc062723c751e8b465ee728b) [PhysX] Initialized MultithreadedTaskDispatcher with 16 workers.
[PhysX] Initialized MultithreadedTaskDispatcher with 16 workers.
 -> (artifact id: '4cd1255fac2382dc5d7994a37d9716ed') in 0.008519 seconds
Number of updated asset objects reloaded before import = 0
Number of asset objects unloaded after import = 2
========================================================================
Received Import Request.
  Time since last request: 0.000045 seconds.
  path: Assets/K2Examples/KinectDemos/SpeechRecognitionDemo/Models/Materials/Robot_Normal.png
  artifactKey: Guid(3fbe06487ec212e4191b655302c7302e) Importer(815301076,1909f56bfc062723c751e8b465ee728b)
Start importing Assets/K2Examples/KinectDemos/SpeechRecognitionDemo/Models/Materials/Robot_Normal.png using Guid(3fbe06487ec212e4191b655302c7302e) Importer(815301076,1909f56bfc062723c751e8b465ee728b) [PhysX] Initialized MultithreadedTaskDispatcher with 16 workers.
[PhysX] Initialized MultithreadedTaskDispatcher with 16 workers.
 -> (artifact id: '804f2701d3b09795b38ae2b0b4bca283') in 0.006188 seconds
Number of updated asset objects reloaded before import = 0
Number of asset objects unloaded after import = 2
========================================================================
Received Import Request.
  Time since last request: 0.000015 seconds.
  path: Assets/K2Examples/KinectDemos/SpeechRecognitionDemo/Props/Materials/propCrate.png
  artifactKey: Guid(5745849d8dc2e40489e0d3f96683776a) Importer(815301076,1909f56bfc062723c751e8b465ee728b)
Start importing Assets/K2Examples/KinectDemos/SpeechRecognitionDemo/Props/Materials/propCrate.png using Guid(5745849d8dc2e40489e0d3f96683776a) Importer(815301076,1909f56bfc062723c751e8b465ee728b) [PhysX] Initialized MultithreadedTaskDispatcher with 16 workers.
[PhysX] Initialized MultithreadedTaskDispatcher with 16 workers.
 -> (artifact id: '7f334f47acc4b292aade1f7a63c08f81') in 0.005983 seconds
Number of updated asset objects reloaded before import = 0
Number of asset objects unloaded after import = 2
========================================================================
Received Import Request.
  Time since last request: 0.000016 seconds.
  path: Assets/K2Examples/KinectDemos/GesturesDemo/SlideTextures/Slide01.png
  artifactKey: Guid(785fc37e655432141baab5e7de94b9c2) Importer(815301076,1909f56bfc062723c751e8b465ee728b)
Start importing Assets/K2Examples/KinectDemos/GesturesDemo/SlideTextures/Slide01.png using Guid(785fc37e655432141baab5e7de94b9c2) Importer(815301076,1909f56bfc062723c751e8b465ee728b) [PhysX] Initialized MultithreadedTaskDispatcher with 16 workers.
[PhysX] Initialized MultithreadedTaskDispatcher with 16 workers.
 -> (artifact id: '441fde2fccc34b96f4eeaaec0f3b0dd4') in 0.005213 seconds
Number of updated asset objects reloaded before import = 0
Number of asset objects unloaded after import = 2
========================================================================
Received Import Request.
  Time since last request: 0.000014 seconds.
  path: Assets/K2Examples/KinectDemos/GesturesDemo/SlideTextures/Slide03.png
  artifactKey: Guid(2d7088a74e929e14cb5bf649d4d132ee) Importer(815301076,1909f56bfc062723c751e8b465ee728b)
Start importing Assets/K2Examples/KinectDemos/GesturesDemo/SlideTextures/Slide03.png using Guid(2d7088a74e929e14cb5bf649d4d132ee) Importer(815301076,1909f56bfc062723c751e8b465ee728b) [PhysX] Initialized MultithreadedTaskDispatcher with 16 workers.
[PhysX] Initialized MultithreadedTaskDispatcher with 16 workers.
 -> (artifact id: 'cd7dd2bee39a9d536d47cb6e18e7234b') in 0.005334 seconds
Number of updated asset objects reloaded before import = 0
Number of asset objects unloaded after import = 2
========================================================================
Received Import Request.
  Time since last request: 0.000014 seconds.
  path: Assets/K2Examples/KinectDemos/GesturesDemo/SlideTextures/Slide06.png
  artifactKey: Guid(30665ec7cac85d344a00443e8d215ae0) Importer(815301076,1909f56bfc062723c751e8b465ee728b)
Start importing Assets/K2Examples/KinectDemos/GesturesDemo/SlideTextures/Slide06.png using Guid(30665ec7cac85d344a00443e8d215ae0) Importer(815301076,1909f56bfc062723c751e8b465ee728b) [PhysX] Initialized MultithreadedTaskDispatcher with 16 workers.
[PhysX] Initialized MultithreadedTaskDispatcher with 16 workers.
 -> (artifact id: '9c41b0dccbc7ca1bfe0f8afb10946413') in 0.005590 seconds
Number of updated asset objects reloaded before import = 0
Number of asset objects unloaded after import = 2
========================================================================
Received Import Request.
  Time since last request: 0.000014 seconds.
  path: Assets/K2Examples/KinectDemos/GesturesDemo/SlideTextures/Slide08.png
  artifactKey: Guid(f3492dc2f317de84fbe62dbef956604f) Importer(815301076,1909f56bfc062723c751e8b465ee728b)
Start importing Assets/K2Examples/KinectDemos/GesturesDemo/SlideTextures/Slide08.png using Guid(f3492dc2f317de84fbe62dbef956604f) Importer(815301076,1909f56bfc062723c751e8b465ee728b) [PhysX] Initialized MultithreadedTaskDispatcher with 16 workers.
[PhysX] Initialized MultithreadedTaskDispatcher with 16 workers.
 -> (artifact id: 'ea6fa762f9ccec61f1918d0f46a4a0a1') in 0.007744 seconds
Number of updated asset objects reloaded before import = 0
Number of asset objects unloaded after import = 2
========================================================================
Received Import Request.
  Time since last request: 0.000014 seconds.
  path: Assets/K2Examples/KinectDemos/GesturesDemo/SlideTextures/Slide07.png
  artifactKey: Guid(370853285efca524e831f089a1ee4599) Importer(815301076,1909f56bfc062723c751e8b465ee728b)
Start importing Assets/K2Examples/KinectDemos/GesturesDemo/SlideTextures/Slide07.png using Guid(370853285efca524e831f089a1ee4599) Importer(815301076,1909f56bfc062723c751e8b465ee728b) [PhysX] Initialized MultithreadedTaskDispatcher with 16 workers.
[PhysX] Initialized MultithreadedTaskDispatcher with 16 workers.
 -> (artifact id: '2f36e5f16a76149e028791376d5c3f2d') in 0.004697 seconds
Number of updated asset objects reloaded before import = 0
Number of asset objects unloaded after import = 2
========================================================================
Received Import Request.
  Time since last request: 0.000016 seconds.
  path: Assets/K2Examples/KinectDemos/GesturesDemo/SlideTextures/Slide10.png
  artifactKey: Guid(b3594a9e08c5d8145a9c1df13469493b) Importer(815301076,1909f56bfc062723c751e8b465ee728b)
Start importing Assets/K2Examples/KinectDemos/GesturesDemo/SlideTextures/Slide10.png using Guid(b3594a9e08c5d8145a9c1df13469493b) Importer(815301076,1909f56bfc062723c751e8b465ee728b) [PhysX] Initialized MultithreadedTaskDispatcher with 16 workers.
[PhysX] Initialized MultithreadedTaskDispatcher with 16 workers.
 -> (artifact id: '2c1fc62a21d8df742321de2a81d582b4') in 0.007181 seconds
Number of updated asset objects reloaded before import = 0
Number of asset objects unloaded after import = 2
========================================================================
Received Import Request.
  Time since last request: 0.158677 seconds.
  path: Assets/K2Examples/KinectDemos/FaceTrackingDemo/Models/textures/sloth_all_1001_AlbedoTransparency.png
  artifactKey: Guid(b0a9b07b207264316bf3be95cdcf6a08) Importer(815301076,1909f56bfc062723c751e8b465ee728b)
Start importing Assets/K2Examples/KinectDemos/FaceTrackingDemo/Models/textures/sloth_all_1001_AlbedoTransparency.png using Guid(b0a9b07b207264316bf3be95cdcf6a08) Importer(815301076,1909f56bfc062723c751e8b465ee728b) [PhysX] Initialized MultithreadedTaskDispatcher with 16 workers.
[PhysX] Initialized MultithreadedTaskDispatcher with 16 workers.
 -> (artifact id: '7ca19989caacd216d86e0b6541e3ea6b') in 0.024735 seconds
Number of updated asset objects reloaded before import = 0
Number of asset objects unloaded after import = 2
========================================================================
Received Import Request.
  Time since last request: 0.000016 seconds.
  path: Assets/K2Examples/KinectDemos/SpeechRecognitionDemo/Props/tileConcrete.png
  artifactKey: Guid(685bbf1808ded4443a4baba8034b5e30) Importer(815301076,1909f56bfc062723c751e8b465ee728b)
Start importing Assets/K2Examples/KinectDemos/SpeechRecognitionDemo/Props/tileConcrete.png using Guid(685bbf1808ded4443a4baba8034b5e30) Importer(815301076,1909f56bfc062723c751e8b465ee728b) [PhysX] Initialized MultithreadedTaskDispatcher with 16 workers.
[PhysX] Initialized MultithreadedTaskDispatcher with 16 workers.
 -> (artifact id: 'bd4bb752ee4e4e134f3733d987888039') in 0.006879 seconds
Number of updated asset objects reloaded before import = 0
Number of asset objects unloaded after import = 2
========================================================================
Received Import Request.
  Time since last request: 0.000014 seconds.
  path: Assets/K2Examples/KinectDemos/VisualizerDemo/Materials/stone_texture.png
  artifactKey: Guid(5f721fc55bb43644cad9dd8145f1d7fe) Importer(815301076,1909f56bfc062723c751e8b465ee728b)
Start importing Assets/K2Examples/KinectDemos/VisualizerDemo/Materials/stone_texture.png using Guid(5f721fc55bb43644cad9dd8145f1d7fe) Importer(815301076,1909f56bfc062723c751e8b465ee728b) [PhysX] Initialized MultithreadedTaskDispatcher with 16 workers.
[PhysX] Initialized MultithreadedTaskDispatcher with 16 workers.
 -> (artifact id: 'a425ed6b8d9306f39b950dd17ac8df05') in 0.005489 seconds
Number of updated asset objects reloaded before import = 0
Number of asset objects unloaded after import = 2
========================================================================
Received Import Request.
  Time since last request: 0.000014 seconds.
  path: Assets/K2Examples/KinectDemos/AvatarsDemo/U_Character/U_Char_Eye_DIF.psd
  artifactKey: Guid(c16702baafae3144aa86df42c1d2852d) Importer(815301076,1909f56bfc062723c751e8b465ee728b)
Start importing Assets/K2Examples/KinectDemos/AvatarsDemo/U_Character/U_Char_Eye_DIF.psd using Guid(c16702baafae3144aa86df42c1d2852d) Importer(815301076,1909f56bfc062723c751e8b465ee728b) [PhysX] Initialized MultithreadedTaskDispatcher with 16 workers.
[PhysX] Initialized MultithreadedTaskDispatcher with 16 workers.
 -> (artifact id: '2c098aafcf2e71f946f432c7cf08a4ae') in 0.010817 seconds
Number of updated asset objects reloaded before import = 0
Number of asset objects unloaded after import = 2
========================================================================
Received Import Request.
  Time since last request: 0.000021 seconds.
  path: Assets/K2Examples/KinectDemos/AvatarsDemo/U_Character/U_Character_Body-NM.png
  artifactKey: Guid(4516c1f5880e85c40b27b2653e967a0d) Importer(815301076,1909f56bfc062723c751e8b465ee728b)
Start importing Assets/K2Examples/KinectDemos/AvatarsDemo/U_Character/U_Character_Body-NM.png using Guid(4516c1f5880e85c40b27b2653e967a0d) Importer(815301076,1909f56bfc062723c751e8b465ee728b) [PhysX] Initialized MultithreadedTaskDispatcher with 16 workers.
[PhysX] Initialized MultithreadedTaskDispatcher with 16 workers.
 -> (artifact id: '185b05a470ed04b830460902d642ecdb') in 0.012080 seconds
Number of updated asset objects reloaded before import = 0
Number of asset objects unloaded after import = 2
========================================================================
Received Import Request.
  Time since last request: 0.000021 seconds.
  path: Assets/K2Examples/KinectDemos/AvatarsDemo/U_Character/U_Character_Head-NM.png
  artifactKey: Guid(6e089910bbb96d04da774cdbb5f76a9d) Importer(815301076,1909f56bfc062723c751e8b465ee728b)
Start importing Assets/K2Examples/KinectDemos/AvatarsDemo/U_Character/U_Character_Head-NM.png using Guid(6e089910bbb96d04da774cdbb5f76a9d) Importer(815301076,1909f56bfc062723c751e8b465ee728b) [PhysX] Initialized MultithreadedTaskDispatcher with 16 workers.
[PhysX] Initialized MultithreadedTaskDispatcher with 16 workers.
 -> (artifact id: '63def31f927e9e1e7754a09bd76c374f') in 0.007345 seconds
Number of updated asset objects reloaded before import = 0
Number of asset objects unloaded after import = 2
========================================================================
Received Import Request.
  Time since last request: 0.000017 seconds.
  path: Assets/K2Examples/KinectDemos/AvatarsDemo/U_Character/U_Character_Body-DIF.psd
  artifactKey: Guid(cef028c8fd30f9b4bb36b0c7d8dda1ff) Importer(815301076,1909f56bfc062723c751e8b465ee728b)
Start importing Assets/K2Examples/KinectDemos/AvatarsDemo/U_Character/U_Character_Body-DIF.psd using Guid(cef028c8fd30f9b4bb36b0c7d8dda1ff) Importer(815301076,1909f56bfc062723c751e8b465ee728b) [PhysX] Initialized MultithreadedTaskDispatcher with 16 workers.
[PhysX] Initialized MultithreadedTaskDispatcher with 16 workers.
 -> (artifact id: '5b7b8ec90f9c1a2e6dfc52d84a0bb339') in 0.008087 seconds
Number of updated asset objects reloaded before import = 0
Number of asset objects unloaded after import = 2
========================================================================
Received Import Request.
  Time since last request: 0.000068 seconds.
  path: Assets/K2Examples/KinectDemos/AvatarsDemo/U_Character/U_Character_Head-DIF.psd
  artifactKey: Guid(70b4c0dad01cd0e468f5d91a581dcbe7) Importer(815301076,1909f56bfc062723c751e8b465ee728b)
Start importing Assets/K2Examples/KinectDemos/AvatarsDemo/U_Character/U_Character_Head-DIF.psd using Guid(70b4c0dad01cd0e468f5d91a581dcbe7) Importer(815301076,1909f56bfc062723c751e8b465ee728b) [PhysX] Initialized MultithreadedTaskDispatcher with 16 workers.
[PhysX] Initialized MultithreadedTaskDispatcher with 16 workers.
 -> (artifact id: 'dad3085e596b203f9e11e47e8b6f0505') in 0.006264 seconds
Number of updated asset objects reloaded before import = 0
Number of asset objects unloaded after import = 2
========================================================================
Received Import Request.
  Time since last request: 0.000021 seconds.
  path: Assets/K2Examples/KinectDemos/GesturesDemo/Textures/wood-texture.png
  artifactKey: Guid(02e6ffd06a2891246af9c8b2945dc9c2) Importer(815301076,1909f56bfc062723c751e8b465ee728b)
Start importing Assets/K2Examples/KinectDemos/GesturesDemo/Textures/wood-texture.png using Guid(02e6ffd06a2891246af9c8b2945dc9c2) Importer(815301076,1909f56bfc062723c751e8b465ee728b) [PhysX] Initialized MultithreadedTaskDispatcher with 16 workers.
[PhysX] Initialized MultithreadedTaskDispatcher with 16 workers.
 -> (artifact id: '067f8099345eb5abb6116ed8a6b3c98f') in 0.005654 seconds
Number of updated asset objects reloaded before import = 0
Number of asset objects unloaded after import = 2
========================================================================
Received Import Request.
  Time since last request: 0.000023 seconds.
  path: Assets/K2Examples/KinectDemos/SpeechRecognitionDemo/Props/tiles.png
  artifactKey: Guid(d1d2fd5ed4f086e4895fa450ccd6b690) Importer(815301076,1909f56bfc062723c751e8b465ee728b)
Start importing Assets/K2Examples/KinectDemos/SpeechRecognitionDemo/Props/tiles.png using Guid(d1d2fd5ed4f086e4895fa450ccd6b690) Importer(815301076,1909f56bfc062723c751e8b465ee728b) [PhysX] Initialized MultithreadedTaskDispatcher with 16 workers.
[PhysX] Initialized MultithreadedTaskDispatcher with 16 workers.
 -> (artifact id: 'db4372d120544082c7f0d6df522691fe') in 0.005372 seconds
Number of updated asset objects reloaded before import = 0
Number of asset objects unloaded after import = 2
========================================================================
Received Import Request.
  Time since last request: 12.284108 seconds.
  path: Assets/K2Examples/KinectDemos/BackgroundRemovalDemo/Materials/UserImageMaterial.mat
  artifactKey: Guid(fb1abe291192117459d748428f8fb6e7) Importer(815301076,1909f56bfc062723c751e8b465ee728b)
Start importing Assets/K2Examples/KinectDemos/BackgroundRemovalDemo/Materials/UserImageMaterial.mat using Guid(fb1abe291192117459d748428f8fb6e7) Importer(815301076,1909f56bfc062723c751e8b465ee728b) [PhysX] Initialized MultithreadedTaskDispatcher with 16 workers.
[PhysX] Initialized MultithreadedTaskDispatcher with 16 workers.
 -> (artifact id: 'a89ad46ccc928ed804e0972cfbf507d9') in 0.027328 seconds
Number of updated asset objects reloaded before import = 0
Number of asset objects unloaded after import = 1
========================================================================
Received Prepare
Caller must complete domain reload
Begin MonoManager ReloadAssembly
- Loaded All Assemblies, in  0.335 seconds
Native extension for WindowsStandalone target not found
Native extension for Android target not found
Native extension for WebGL target not found
Mono: successfully reloaded assembly
- Finished resetting the current domain, in  0.555 seconds
Domain Reload Profiling: 889ms
	BeginReloadAssembly (113ms)
		ExecutionOrderSort (0ms)
		DisableScriptedObjects (3ms)
		BackupInstance (0ms)
		ReleaseScriptingObjects (0ms)
		CreateAndSetChildDomain (26ms)
	RebuildCommonClasses (25ms)
	RebuildNativeTypeToScriptingClass (7ms)
	initialDomainReloadingComplete (20ms)
	LoadAllAssembliesAndSetupDomain (168ms)
		LoadAssemblies (204ms)
		RebuildTransferFunctionScriptingTraits (0ms)
		AnalyzeDomain (23ms)
			TypeCache.Refresh (11ms)
				TypeCache.ScanAssembly (3ms)
			ScanForSourceGeneratedMonoScriptInfo (5ms)
			ResolveRequiredComponents (5ms)
	FinalizeReload (556ms)
		ReleaseScriptCaches (0ms)
		RebuildScriptCaches (0ms)
		SetupLoadedEditorAssemblies (278ms)
			LogAssemblyErrors (0ms)
			InitializePlatformSupportModulesInManaged (13ms)
			SetLoadedEditorAssemblies (2ms)
			RefreshPlugins (0ms)
			BeforeProcessingInitializeOnLoad (44ms)
			ProcessInitializeOnLoadAttributes (201ms)
			ProcessInitializeOnLoadMethodAttributes (14ms)
			AfterProcessingInitializeOnLoad (4ms)
			EditorAssembliesLoaded (0ms)
		ExecutionOrderSort2 (0ms)
		AwakeInstancesAfterBackupRestoration (4ms)
Refreshing native plugins compatible for Editor in 7.73 ms, found 14 plugins.
Preloading 0 native plugins for Editor in 0.00 ms.
Unloading 3795 Unused Serialized files (Serialized files now loaded: 0)
Unloading 24 unused Assets / (280.4 KB). Loaded Objects now: 4409.
Memory consumption went from 141.9 MB to 141.6 MB.
Total: 2.441400 ms (FindLiveObjects: 0.216400 ms CreateObjectMapping: 0.091000 ms MarkObjects: 2.059700 ms  DeleteObjects: 0.072100 ms)

Prepare: number of updated asset objects reloaded= 0
AssetImportParameters requested are different than current active one (requested -> active):
  custom:container-demuxer-ogg: 62fdf1f143b41e24485cea50d1cbac27 -> 
  custom:video-codec-MediaFoundation-h265: 746d11721c4dcdbdad8f713fa42b33f4 -> 
  custom:video-decoder-ogg-theora: a1e56fd34408186e4bbccfd4996cb3dc -> 
  custom:framework-win-MediaFoundation: 216162199b28c13a410421893ffa2e32 -> 
  custom:CustomObjectIndexerAttribute: 9a22284fe3817be447336de3de66b15e -> 
  custom:container-demuxer-webm: 4f35f7cbe854078d1ac9338744f61a02 -> 
  custom:container-muxer-webm: aa71ff27fc2769a1b78a27578f13a17b -> 
  custom:video-decoder-webm-vp8: 9c59270c3fd7afecdb556c50c9e8de78 -> 
  custom:SearchIndexIgnoredProperties: e643bd26f0fe6173181afceb89e7c659 -> 
  custom:AudioImporter_EditorPlatform: d09bf68614088b80899f8185d706f6e7 -> 
  custom:video-encoder-webm-vp8: eb34c28f22e8b96e1ab97ce403110664 -> 
  custom:audio-decoder-ogg-vorbis: bf7c407c2cedff20999df2af8eb42d56 -> 
  custom:audio-encoder-webm-vorbis: bf7c407c2cedff20999df2af8eb42d56 -> 
  custom:scripting/precompiled-assembly-types:Assembly-CSharp: 1ea8689826a2136d06c0170d08796580 -> 019be45a1fb25a17605dd275f0018009
========================================================================
Received Prepare
Caller must complete domain reload
Begin MonoManager ReloadAssembly
- Loaded All Assemblies, in  0.335 seconds
Native extension for WindowsStandalone target not found
Native extension for Android target not found
Native extension for WebGL target not found
Mono: successfully reloaded assembly
- Finished resetting the current domain, in  0.573 seconds
Domain Reload Profiling: 907ms
	BeginReloadAssembly (111ms)
		ExecutionOrderSort (0ms)
		DisableScriptedObjects (4ms)
		BackupInstance (0ms)
		ReleaseScriptingObjects (0ms)
		CreateAndSetChildDomain (24ms)
	RebuildCommonClasses (24ms)
	RebuildNativeTypeToScriptingClass (7ms)
	initialDomainReloadingComplete (22ms)
	LoadAllAssembliesAndSetupDomain (171ms)
		LoadAssemblies (206ms)
		RebuildTransferFunctionScriptingTraits (0ms)
		AnalyzeDomain (22ms)
			TypeCache.Refresh (10ms)
				TypeCache.ScanAssembly (3ms)
			ScanForSourceGeneratedMonoScriptInfo (5ms)
			ResolveRequiredComponents (5ms)
	FinalizeReload (573ms)
		ReleaseScriptCaches (0ms)
		RebuildScriptCaches (0ms)
		SetupLoadedEditorAssemblies (286ms)
			LogAssemblyErrors (0ms)
			InitializePlatformSupportModulesInManaged (13ms)
			SetLoadedEditorAssemblies (2ms)
			RefreshPlugins (0ms)
			BeforeProcessingInitializeOnLoad (47ms)
			ProcessInitializeOnLoadAttributes (206ms)
			ProcessInitializeOnLoadMethodAttributes (14ms)
			AfterProcessingInitializeOnLoad (3ms)
			EditorAssembliesLoaded (0ms)
		ExecutionOrderSort2 (0ms)
		AwakeInstancesAfterBackupRestoration (4ms)
Refreshing native plugins compatible for Editor in 7.58 ms, found 14 plugins.
Preloading 0 native plugins for Editor in 0.00 ms.
Unloading 3796 Unused Serialized files (Serialized files now loaded: 0)
Unloading 24 unused Assets / (280.7 KB). Loaded Objects now: 4413.
Memory consumption went from 142.1 MB to 141.9 MB.
Total: 2.475100 ms (FindLiveObjects: 0.210300 ms CreateObjectMapping: 0.097500 ms MarkObjects: 2.093600 ms  DeleteObjects: 0.072600 ms)

Prepare: number of updated asset objects reloaded= 0
AssetImportParameters requested are different than current active one (requested -> active):
  custom:container-demuxer-ogg: 62fdf1f143b41e24485cea50d1cbac27 -> 
  custom:video-codec-MediaFoundation-h265: 746d11721c4dcdbdad8f713fa42b33f4 -> 
  custom:video-decoder-ogg-theora: a1e56fd34408186e4bbccfd4996cb3dc -> 
  custom:framework-win-MediaFoundation: 216162199b28c13a410421893ffa2e32 -> 
  custom:CustomObjectIndexerAttribute: 9a22284fe3817be447336de3de66b15e -> 
  custom:container-demuxer-webm: 4f35f7cbe854078d1ac9338744f61a02 -> 
  custom:container-muxer-webm: aa71ff27fc2769a1b78a27578f13a17b -> 
  custom:video-decoder-webm-vp8: 9c59270c3fd7afecdb556c50c9e8de78 -> 
  custom:SearchIndexIgnoredProperties: e643bd26f0fe6173181afceb89e7c659 -> 
  custom:AudioImporter_EditorPlatform: d09bf68614088b80899f8185d706f6e7 -> 
  custom:video-encoder-webm-vp8: eb34c28f22e8b96e1ab97ce403110664 -> 
  custom:audio-decoder-ogg-vorbis: bf7c407c2cedff20999df2af8eb42d56 -> 
  custom:audio-encoder-webm-vorbis: bf7c407c2cedff20999df2af8eb42d56 -> 
  custom:scripting/precompiled-assembly-types:Assembly-CSharp: 1ea8689826a2136d06c0170d08796580 -> 019be45a1fb25a17605dd275f0018009
========================================================================
Received Prepare
Caller must complete domain reload
Begin MonoManager ReloadAssembly
- Loaded All Assemblies, in  0.337 seconds
Native extension for WindowsStandalone target not found
Native extension for Android target not found
Native extension for WebGL target not found
Mono: successfully reloaded assembly
- Finished resetting the current domain, in  0.553 seconds
Domain Reload Profiling: 889ms
	BeginReloadAssembly (109ms)
		ExecutionOrderSort (0ms)
		DisableScriptedObjects (5ms)
		BackupInstance (0ms)
		ReleaseScriptingObjects (0ms)
		CreateAndSetChildDomain (23ms)
	RebuildCommonClasses (22ms)
	RebuildNativeTypeToScriptingClass (8ms)
	initialDomainReloadingComplete (20ms)
	LoadAllAssembliesAndSetupDomain (176ms)
		LoadAssemblies (208ms)
		RebuildTransferFunctionScriptingTraits (0ms)
		AnalyzeDomain (24ms)
			TypeCache.Refresh (12ms)
				TypeCache.ScanAssembly (3ms)
			ScanForSourceGeneratedMonoScriptInfo (5ms)
			ResolveRequiredComponents (5ms)
	FinalizeReload (553ms)
		ReleaseScriptCaches (0ms)
		RebuildScriptCaches (0ms)
		SetupLoadedEditorAssemblies (276ms)
			LogAssemblyErrors (0ms)
			InitializePlatformSupportModulesInManaged (13ms)
			SetLoadedEditorAssemblies (2ms)
			RefreshPlugins (0ms)
			BeforeProcessingInitializeOnLoad (45ms)
			ProcessInitializeOnLoadAttributes (196ms)
			ProcessInitializeOnLoadMethodAttributes (16ms)
			AfterProcessingInitializeOnLoad (3ms)
			EditorAssembliesLoaded (0ms)
		ExecutionOrderSort2 (0ms)
		AwakeInstancesAfterBackupRestoration (5ms)
Refreshing native plugins compatible for Editor in 6.65 ms, found 14 plugins.
Preloading 0 native plugins for Editor in 0.00 ms.
Unloading 3796 Unused Serialized files (Serialized files now loaded: 0)
Unloading 24 unused Assets / (280.6 KB). Loaded Objects now: 4417.
Memory consumption went from 142.1 MB to 141.9 MB.
Total: 2.246100 ms (FindLiveObjects: 0.233100 ms CreateObjectMapping: 0.093800 ms MarkObjects: 1.839500 ms  DeleteObjects: 0.079100 ms)

Prepare: number of updated asset objects reloaded= 0
AssetImportParameters requested are different than current active one (requested -> active):
  custom:container-demuxer-ogg: 62fdf1f143b41e24485cea50d1cbac27 -> 
  custom:video-codec-MediaFoundation-h265: 746d11721c4dcdbdad8f713fa42b33f4 -> 
  custom:video-decoder-ogg-theora: a1e56fd34408186e4bbccfd4996cb3dc -> 
  custom:framework-win-MediaFoundation: 216162199b28c13a410421893ffa2e32 -> 
  custom:CustomObjectIndexerAttribute: 9a22284fe3817be447336de3de66b15e -> 
  custom:container-demuxer-webm: 4f35f7cbe854078d1ac9338744f61a02 -> 
  custom:container-muxer-webm: aa71ff27fc2769a1b78a27578f13a17b -> 
  custom:video-decoder-webm-vp8: 9c59270c3fd7afecdb556c50c9e8de78 -> 
  custom:SearchIndexIgnoredProperties: e643bd26f0fe6173181afceb89e7c659 -> 
  custom:AudioImporter_EditorPlatform: d09bf68614088b80899f8185d706f6e7 -> 
  custom:video-encoder-webm-vp8: eb34c28f22e8b96e1ab97ce403110664 -> 
  custom:audio-decoder-ogg-vorbis: bf7c407c2cedff20999df2af8eb42d56 -> 
  custom:audio-encoder-webm-vorbis: bf7c407c2cedff20999df2af8eb42d56 -> 
  custom:scripting/precompiled-assembly-types:Assembly-CSharp: 05f1fa655ebca8aa50d7052a9a80a2aa -> 019be45a1fb25a17605dd275f0018009
========================================================================
Received Prepare
Caller must complete domain reload
Begin MonoManager ReloadAssembly
- Loaded All Assemblies, in  0.316 seconds
Native extension for WindowsStandalone target not found
Native extension for Android target not found
Native extension for WebGL target not found
Mono: successfully reloaded assembly
- Finished resetting the current domain, in  0.569 seconds
Domain Reload Profiling: 885ms
	BeginReloadAssembly (111ms)
		ExecutionOrderSort (0ms)
		DisableScriptedObjects (4ms)
		BackupInstance (0ms)
		ReleaseScriptingObjects (0ms)
		CreateAndSetChildDomain (24ms)
	RebuildCommonClasses (24ms)
	RebuildNativeTypeToScriptingClass (7ms)
	initialDomainReloadingComplete (19ms)
	LoadAllAssembliesAndSetupDomain (154ms)
		LoadAssemblies (199ms)
		RebuildTransferFunctionScriptingTraits (0ms)
		AnalyzeDomain (13ms)
			TypeCache.Refresh (6ms)
				TypeCache.ScanAssembly (0ms)
			ScanForSourceGeneratedMonoScriptInfo (0ms)
			ResolveRequiredComponents (6ms)
	FinalizeReload (570ms)
		ReleaseScriptCaches (0ms)
		RebuildScriptCaches (0ms)
		SetupLoadedEditorAssemblies (278ms)
			LogAssemblyErrors (0ms)
			InitializePlatformSupportModulesInManaged (12ms)
			SetLoadedEditorAssemblies (3ms)
			RefreshPlugins (0ms)
			BeforeProcessingInitializeOnLoad (43ms)
			ProcessInitializeOnLoadAttributes (202ms)
			ProcessInitializeOnLoadMethodAttributes (14ms)
			AfterProcessingInitializeOnLoad (3ms)
			EditorAssembliesLoaded (0ms)
		ExecutionOrderSort2 (0ms)
		AwakeInstancesAfterBackupRestoration (4ms)
Refreshing native plugins compatible for Editor in 7.39 ms, found 14 plugins.
Preloading 0 native plugins for Editor in 0.00 ms.
Unloading 3796 Unused Serialized files (Serialized files now loaded: 0)
Unloading 24 unused Assets / (280.7 KB). Loaded Objects now: 4421.
Memory consumption went from 142.1 MB to 141.9 MB.
Total: 2.385600 ms (FindLiveObjects: 0.185400 ms CreateObjectMapping: 0.089400 ms MarkObjects: 2.038900 ms  DeleteObjects: 0.071300 ms)

Prepare: number of updated asset objects reloaded= 0
AssetImportParameters requested are different than current active one (requested -> active):
  custom:container-demuxer-ogg: 62fdf1f143b41e24485cea50d1cbac27 -> 
  custom:video-codec-MediaFoundation-h265: 746d11721c4dcdbdad8f713fa42b33f4 -> 
  custom:video-decoder-ogg-theora: a1e56fd34408186e4bbccfd4996cb3dc -> 
  custom:framework-win-MediaFoundation: 216162199b28c13a410421893ffa2e32 -> 
  custom:CustomObjectIndexerAttribute: 9a22284fe3817be447336de3de66b15e -> 
  custom:container-demuxer-webm: 4f35f7cbe854078d1ac9338744f61a02 -> 
  custom:container-muxer-webm: aa71ff27fc2769a1b78a27578f13a17b -> 
  custom:video-decoder-webm-vp8: 9c59270c3fd7afecdb556c50c9e8de78 -> 
  custom:SearchIndexIgnoredProperties: e643bd26f0fe6173181afceb89e7c659 -> 
  custom:AudioImporter_EditorPlatform: d09bf68614088b80899f8185d706f6e7 -> 
  custom:video-encoder-webm-vp8: eb34c28f22e8b96e1ab97ce403110664 -> 
  custom:audio-decoder-ogg-vorbis: bf7c407c2cedff20999df2af8eb42d56 -> 
  custom:audio-encoder-webm-vorbis: bf7c407c2cedff20999df2af8eb42d56 -> 
  custom:scripting/precompiled-assembly-types:Assembly-CSharp: 05f1fa655ebca8aa50d7052a9a80a2aa -> 019be45a1fb25a17605dd275f0018009
========================================================================
Received Prepare
Caller must complete domain reload
Begin MonoManager ReloadAssembly
- Loaded All Assemblies, in  0.332 seconds
Native extension for WindowsStandalone target not found
Native extension for Android target not found
Native extension for WebGL target not found
Mono: successfully reloaded assembly
- Finished resetting the current domain, in  0.562 seconds
Domain Reload Profiling: 893ms
	BeginReloadAssembly (109ms)
		ExecutionOrderSort (0ms)
		DisableScriptedObjects (4ms)
		BackupInstance (0ms)
		ReleaseScriptingObjects (0ms)
		CreateAndSetChildDomain (22ms)
	RebuildCommonClasses (24ms)
	RebuildNativeTypeToScriptingClass (7ms)
	initialDomainReloadingComplete (21ms)
	LoadAllAssembliesAndSetupDomain (169ms)
		LoadAssemblies (208ms)
		RebuildTransferFunctionScriptingTraits (0ms)
		AnalyzeDomain (19ms)
			TypeCache.Refresh (12ms)
				TypeCache.ScanAssembly (0ms)
			ScanForSourceGeneratedMonoScriptInfo (0ms)
			ResolveRequiredComponents (5ms)
	FinalizeReload (562ms)
		ReleaseScriptCaches (0ms)
		RebuildScriptCaches (0ms)
		SetupLoadedEditorAssemblies (275ms)
			LogAssemblyErrors (0ms)
			InitializePlatformSupportModulesInManaged (12ms)
			SetLoadedEditorAssemblies (2ms)
			RefreshPlugins (0ms)
			BeforeProcessingInitializeOnLoad (41ms)
			ProcessInitializeOnLoadAttributes (202ms)
			ProcessInitializeOnLoadMethodAttributes (14ms)
			AfterProcessingInitializeOnLoad (3ms)
			EditorAssembliesLoaded (0ms)
		ExecutionOrderSort2 (0ms)
		AwakeInstancesAfterBackupRestoration (4ms)
Refreshing native plugins compatible for Editor in 7.31 ms, found 14 plugins.
Preloading 0 native plugins for Editor in 0.00 ms.
Unloading 3796 Unused Serialized files (Serialized files now loaded: 0)
Unloading 24 unused Assets / (280.6 KB). Loaded Objects now: 4425.
Memory consumption went from 142.1 MB to 141.9 MB.
Total: 2.963900 ms (FindLiveObjects: 0.211100 ms CreateObjectMapping: 0.090200 ms MarkObjects: 2.591000 ms  DeleteObjects: 0.070900 ms)

Prepare: number of updated asset objects reloaded= 0
AssetImportParameters requested are different than current active one (requested -> active):
  custom:container-demuxer-ogg: 62fdf1f143b41e24485cea50d1cbac27 -> 
  custom:video-codec-MediaFoundation-h265: 746d11721c4dcdbdad8f713fa42b33f4 -> 
  custom:video-decoder-ogg-theora: a1e56fd34408186e4bbccfd4996cb3dc -> 
  custom:framework-win-MediaFoundation: 216162199b28c13a410421893ffa2e32 -> 
  custom:CustomObjectIndexerAttribute: 9a22284fe3817be447336de3de66b15e -> 
  custom:container-demuxer-webm: 4f35f7cbe854078d1ac9338744f61a02 -> 
  custom:container-muxer-webm: aa71ff27fc2769a1b78a27578f13a17b -> 
  custom:video-decoder-webm-vp8: 9c59270c3fd7afecdb556c50c9e8de78 -> 
  custom:SearchIndexIgnoredProperties: e643bd26f0fe6173181afceb89e7c659 -> 
  custom:AudioImporter_EditorPlatform: d09bf68614088b80899f8185d706f6e7 -> 
  custom:video-encoder-webm-vp8: eb34c28f22e8b96e1ab97ce403110664 -> 
  custom:audio-decoder-ogg-vorbis: bf7c407c2cedff20999df2af8eb42d56 -> 
  custom:audio-encoder-webm-vorbis: bf7c407c2cedff20999df2af8eb42d56 -> 
  custom:scripting/precompiled-assembly-types:Assembly-CSharp: 05f1fa655ebca8aa50d7052a9a80a2aa -> 019be45a1fb25a17605dd275f0018009
========================================================================
Received Prepare
Caller must complete domain reload
Begin MonoManager ReloadAssembly
- Loaded All Assemblies, in  0.357 seconds
Native extension for WindowsStandalone target not found
Native extension for Android target not found
Native extension for WebGL target not found
Mono: successfully reloaded assembly
- Finished resetting the current domain, in  0.579 seconds
Domain Reload Profiling: 935ms
	BeginReloadAssembly (111ms)
		ExecutionOrderSort (0ms)
		DisableScriptedObjects (4ms)
		BackupInstance (0ms)
		ReleaseScriptingObjects (0ms)
		CreateAndSetChildDomain (23ms)
	RebuildCommonClasses (24ms)
	RebuildNativeTypeToScriptingClass (8ms)
	initialDomainReloadingComplete (21ms)
	LoadAllAssembliesAndSetupDomain (191ms)
		LoadAssemblies (224ms)
		RebuildTransferFunctionScriptingTraits (0ms)
		AnalyzeDomain (25ms)
			TypeCache.Refresh (13ms)
				TypeCache.ScanAssembly (3ms)
			ScanForSourceGeneratedMonoScriptInfo (6ms)
			ResolveRequiredComponents (6ms)
	FinalizeReload (579ms)
		ReleaseScriptCaches (0ms)
		RebuildScriptCaches (0ms)
		SetupLoadedEditorAssemblies (278ms)
			LogAssemblyErrors (0ms)
			InitializePlatformSupportModulesInManaged (12ms)
			SetLoadedEditorAssemblies (2ms)
			RefreshPlugins (0ms)
			BeforeProcessingInitializeOnLoad (40ms)
			ProcessInitializeOnLoadAttributes (204ms)
			ProcessInitializeOnLoadMethodAttributes (16ms)
			AfterProcessingInitializeOnLoad (3ms)
			EditorAssembliesLoaded (0ms)
		ExecutionOrderSort2 (0ms)
		AwakeInstancesAfterBackupRestoration (5ms)
Refreshing native plugins compatible for Editor in 6.60 ms, found 14 plugins.
Preloading 0 native plugins for Editor in 0.00 ms.
Unloading 3863 Unused Serialized files (Serialized files now loaded: 0)
Unloading 62 unused Assets / (1.2 MB). Loaded Objects now: 4458.
Memory consumption went from 153.5 MB to 152.2 MB.
Total: 2.760500 ms (FindLiveObjects: 0.184100 ms CreateObjectMapping: 0.082900 ms MarkObjects: 1.963300 ms  DeleteObjects: 0.529300 ms)

Prepare: number of updated asset objects reloaded= 0
AssetImportParameters requested are different than current active one (requested -> active):
  custom:scripting/monoscript/fileName/FilterHue.cs: e11ebd1453f02006250532b8fc94401c -> 
  custom:scripting/monoscript/fileName/MaskAlpha_Simple.cs: 998d43c9fe4b6e28b49b302d9d2322c2 -> 
  custom:container-demuxer-ogg: 62fdf1f143b41e24485cea50d1cbac27 -> 
  custom:scripting/monoscript/fileName/Blur_General.cs: 8a0b661ffd1541e6ad3f246c6bdf6064 -> 
  custom:video-codec-MediaFoundation-h265: 746d11721c4dcdbdad8f713fa42b33f4 -> 
  custom:scripting/monoscript/fileName/FilterColor.cs: c7e03c267eff691012097878712f515f -> 
  custom:scripting/monoscript/fileName/WebCamStreamEditor.cs: 7ff0789dcbf9f051a9d8ec846158e2ba -> 
  custom:scripting/monoscript/fileName/FilterSaturation.cs: b7fec0f5c8362c4fb90fef7a3cd95114 -> 
  custom:video-decoder-ogg-theora: a1e56fd34408186e4bbccfd4996cb3dc -> 
  custom:framework-win-MediaFoundation: 216162199b28c13a410421893ffa2e32 -> 
  custom:scripting/monoscript/fileName/MSKController.cs: 329a38633d303c82e33ccda6c4b8945a -> 
  custom:scripting/monoscript/fileName/MSKControllerBase.cs: 3b3131690c1a2a5da542c610dd707e72 -> 
  custom:scripting/monoscript/fileName/MSKComponentBaseEditor.cs: 275a867f4c36146f6835259c27f4cc86 -> 
  custom:scripting/monoscript/fileName/MSKBridgeVideoPlayer.cs: 23ea9b98c8be82ba4011ee7c365782d5 -> 
  custom:CustomObjectIndexerAttribute: 9a22284fe3817be447336de3de66b15e -> 
  custom:scripting/monoscript/fileName/Blur_Simple.cs: 5b27881231d30e40969fe8a37b137bf8 -> 
  custom:scripting/monoscript/fileName/FilterContrast.cs: d6b3142fb580fa91da192f89b59a7efd -> 
  custom:scripting/monoscript/fileName/RenderTextureUtils.cs: 849547b237b0fb8e05adbc3d875f3e0a -> 
  custom:container-demuxer-webm: 4f35f7cbe854078d1ac9338744f61a02 -> 
  custom:scripting/monoscript/fileName/WebCamPlayerEditor.cs: 35fa70d5472cf4ed2a09ed8841245a40 -> 
  custom:scripting/monoscript/fileName/FilterHSBC.cs: abed7363c28ab4e39c46ca29c449c0bf -> 
  custom:scripting/monoscript/fileName/ChromaKey_BgColor.cs: ff79c54091a384a9f17d041e8b86dbef -> 
  custom:scripting/monoscript/fileName/WebCamPlayer.cs: ab9e6743a178280f9b1cb7fb2502280a -> 
  custom:container-muxer-webm: aa71ff27fc2769a1b78a27578f13a17b -> 
  custom:video-decoder-webm-vp8: 9c59270c3fd7afecdb556c50c9e8de78 -> 
  custom:scripting/monoscript/fileName/TargetRenderBaseEditor.cs: 884e2c9ba1f4c591a4be3b16e94fba5e -> 
  custom:SearchIndexIgnoredProperties: e643bd26f0fe6173181afceb89e7c659 -> 
  custom:AudioImporter_EditorPlatform: d09bf68614088b80899f8185d706f6e7 -> 
  custom:scripting/monoscript/fileName/FilterBrightness.cs: 3963794dd0d8c56a4d79f9d946364063 -> 
  custom:scripting/monoscript/fileName/MaskAlpha_Expert.cs: 9616cb22e95c50199495781447fa1e41 -> 
  custom:video-encoder-webm-vp8: eb34c28f22e8b96e1ab97ce403110664 -> 
  custom:audio-decoder-ogg-vorbis: bf7c407c2cedff20999df2af8eb42d56 -> 
  custom:scripting/monoscript/fileName/MaskAlpha_General.cs: eb48cce8dcc2d35737c4ec6ed20b1cc8 -> 
  custom:scripting/monoscript/fileName/WebCamStream.cs: 19da22c49c5df13f4dbdd979aad08efe -> 
  custom:scripting/monoscript/fileName/MSKBridgeWebCamPlayer.cs: c53fa13a9caf37fb3c221b4295873159 -> 
  custom:scripting/monoscript/fileName/MSKBridgeImage.cs: 45cffc4173ef79ea83298d852a467f5f -> 
  custom:audio-encoder-webm-vorbis: bf7c407c2cedff20999df2af8eb42d56 -> 
  custom:scripting/precompiled-assembly-types:Assembly-CSharp-Editor: a4afda7cddc5399c2adf3022dc9786b9 -> c43ab9b87697be09138a4d4ef369a2f4
  custom:scripting/monoscript/fileName/TargetRenderBase.cs: ede1e7ffe26e2bdaf1178000003a7cde -> 
  custom:scripting/monoscript/fileName/ChromaKey_Alpha_General.cs: 385319fb4a7056c216e19b2e8fd2d993 -> 
  custom:scripting/precompiled-assembly-types:Assembly-CSharp: fd4aa9dcc385f23025957af40729474f -> 019be45a1fb25a17605dd275f0018009
  custom:scripting/monoscript/fileName/MSKComponentBase.cs: 2ccbbe283ec48eefd1aeb9b05e8e9b5c -> 
  custom:scripting/monoscript/fileName/ChromaKey_BgTex.cs: 31d8b6121d339249db5b6b74f6e2ed5a -> 
  custom:scripting/monoscript/fileName/ChromaKey_Alpha_Simple.cs: 41af4aec3871671be2e3d1e6e2beb3fa -> 
========================================================================
Received Prepare
Caller must complete domain reload
Begin MonoManager ReloadAssembly
- Loaded All Assemblies, in  0.323 seconds
Native extension for WindowsStandalone target not found
Native extension for Android target not found
Native extension for WebGL target not found
Mono: successfully reloaded assembly
- Finished resetting the current domain, in  0.567 seconds
Domain Reload Profiling: 889ms
	BeginReloadAssembly (111ms)
		ExecutionOrderSort (0ms)
		DisableScriptedObjects (5ms)
		BackupInstance (0ms)
		ReleaseScriptingObjects (0ms)
		CreateAndSetChildDomain (23ms)
	RebuildCommonClasses (26ms)
	RebuildNativeTypeToScriptingClass (8ms)
	initialDomainReloadingComplete (21ms)
	LoadAllAssembliesAndSetupDomain (156ms)
		LoadAssemblies (201ms)
		RebuildTransferFunctionScriptingTraits (0ms)
		AnalyzeDomain (13ms)
			TypeCache.Refresh (5ms)
				TypeCache.ScanAssembly (0ms)
			ScanForSourceGeneratedMonoScriptInfo (0ms)
			ResolveRequiredComponents (5ms)
	FinalizeReload (567ms)
		ReleaseScriptCaches (0ms)
		RebuildScriptCaches (0ms)
		SetupLoadedEditorAssemblies (277ms)
			LogAssemblyErrors (0ms)
			InitializePlatformSupportModulesInManaged (12ms)
			SetLoadedEditorAssemblies (2ms)
			RefreshPlugins (0ms)
			BeforeProcessingInitializeOnLoad (40ms)
			ProcessInitializeOnLoadAttributes (204ms)
			ProcessInitializeOnLoadMethodAttributes (15ms)
			AfterProcessingInitializeOnLoad (4ms)
			EditorAssembliesLoaded (0ms)
		ExecutionOrderSort2 (0ms)
		AwakeInstancesAfterBackupRestoration (4ms)
Refreshing native plugins compatible for Editor in 7.40 ms, found 14 plugins.
Preloading 0 native plugins for Editor in 0.00 ms.
Unloading 3863 Unused Serialized files (Serialized files now loaded: 0)
Unloading 62 unused Assets / (1.2 MB). Loaded Objects now: 4462.
Memory consumption went from 153.5 MB to 152.2 MB.
Total: 3.205100 ms (FindLiveObjects: 0.304200 ms CreateObjectMapping: 0.114600 ms MarkObjects: 2.166700 ms  DeleteObjects: 0.618600 ms)

Prepare: number of updated asset objects reloaded= 0
AssetImportParameters requested are different than current active one (requested -> active):
  custom:scripting/monoscript/fileName/FilterHue.cs: e11ebd1453f02006250532b8fc94401c -> 
  custom:scripting/monoscript/fileName/MaskAlpha_Simple.cs: 998d43c9fe4b6e28b49b302d9d2322c2 -> 
  custom:container-demuxer-ogg: 62fdf1f143b41e24485cea50d1cbac27 -> 
  custom:scripting/monoscript/fileName/Blur_General.cs: 8a0b661ffd1541e6ad3f246c6bdf6064 -> 
  custom:video-codec-MediaFoundation-h265: 746d11721c4dcdbdad8f713fa42b33f4 -> 
  custom:scripting/monoscript/fileName/FilterColor.cs: c7e03c267eff691012097878712f515f -> 
  custom:scripting/monoscript/fileName/WebCamStreamEditor.cs: 7ff0789dcbf9f051a9d8ec846158e2ba -> 
  custom:scripting/monoscript/fileName/FilterSaturation.cs: b7fec0f5c8362c4fb90fef7a3cd95114 -> 
  custom:video-decoder-ogg-theora: a1e56fd34408186e4bbccfd4996cb3dc -> 
  custom:framework-win-MediaFoundation: 216162199b28c13a410421893ffa2e32 -> 
  custom:scripting/monoscript/fileName/MSKController.cs: 329a38633d303c82e33ccda6c4b8945a -> 
  custom:scripting/monoscript/fileName/MSKControllerBase.cs: 3b3131690c1a2a5da542c610dd707e72 -> 
  custom:scripting/monoscript/fileName/MSKComponentBaseEditor.cs: 275a867f4c36146f6835259c27f4cc86 -> 
  custom:scripting/monoscript/fileName/MSKBridgeVideoPlayer.cs: 23ea9b98c8be82ba4011ee7c365782d5 -> 
  custom:CustomObjectIndexerAttribute: 9a22284fe3817be447336de3de66b15e -> 
  custom:scripting/monoscript/fileName/Blur_Simple.cs: 5b27881231d30e40969fe8a37b137bf8 -> 
  custom:scripting/monoscript/fileName/FilterContrast.cs: d6b3142fb580fa91da192f89b59a7efd -> 
  custom:scripting/monoscript/fileName/RenderTextureUtils.cs: 849547b237b0fb8e05adbc3d875f3e0a -> 
  custom:container-demuxer-webm: 4f35f7cbe854078d1ac9338744f61a02 -> 
  custom:scripting/monoscript/fileName/WebCamPlayerEditor.cs: 35fa70d5472cf4ed2a09ed8841245a40 -> 
  custom:scripting/monoscript/fileName/FilterHSBC.cs: abed7363c28ab4e39c46ca29c449c0bf -> 
  custom:scripting/monoscript/fileName/ChromaKey_BgColor.cs: ff79c54091a384a9f17d041e8b86dbef -> 
  custom:scripting/monoscript/fileName/WebCamPlayer.cs: ab9e6743a178280f9b1cb7fb2502280a -> 
  custom:container-muxer-webm: aa71ff27fc2769a1b78a27578f13a17b -> 
  custom:video-decoder-webm-vp8: 9c59270c3fd7afecdb556c50c9e8de78 -> 
  custom:scripting/monoscript/fileName/TargetRenderBaseEditor.cs: 884e2c9ba1f4c591a4be3b16e94fba5e -> 
  custom:SearchIndexIgnoredProperties: e643bd26f0fe6173181afceb89e7c659 -> 
  custom:AudioImporter_EditorPlatform: d09bf68614088b80899f8185d706f6e7 -> 
  custom:scripting/monoscript/fileName/FilterBrightness.cs: 3963794dd0d8c56a4d79f9d946364063 -> 
  custom:scripting/monoscript/fileName/MaskAlpha_Expert.cs: 9616cb22e95c50199495781447fa1e41 -> 
  custom:video-encoder-webm-vp8: eb34c28f22e8b96e1ab97ce403110664 -> 
  custom:audio-decoder-ogg-vorbis: bf7c407c2cedff20999df2af8eb42d56 -> 
  custom:scripting/monoscript/fileName/MaskAlpha_General.cs: eb48cce8dcc2d35737c4ec6ed20b1cc8 -> 
  custom:scripting/monoscript/fileName/WebCamStream.cs: 19da22c49c5df13f4dbdd979aad08efe -> 
  custom:scripting/monoscript/fileName/MSKBridgeWebCamPlayer.cs: c53fa13a9caf37fb3c221b4295873159 -> 
  custom:scripting/monoscript/fileName/MSKBridgeImage.cs: 45cffc4173ef79ea83298d852a467f5f -> 
  custom:audio-encoder-webm-vorbis: bf7c407c2cedff20999df2af8eb42d56 -> 
  custom:scripting/precompiled-assembly-types:Assembly-CSharp-Editor: a4afda7cddc5399c2adf3022dc9786b9 -> c43ab9b87697be09138a4d4ef369a2f4
  custom:scripting/monoscript/fileName/TargetRenderBase.cs: ede1e7ffe26e2bdaf1178000003a7cde -> 
  custom:scripting/monoscript/fileName/ChromaKey_Alpha_General.cs: 385319fb4a7056c216e19b2e8fd2d993 -> 
  custom:scripting/precompiled-assembly-types:Assembly-CSharp: fd4aa9dcc385f23025957af40729474f -> 019be45a1fb25a17605dd275f0018009
  custom:scripting/monoscript/fileName/MSKComponentBase.cs: 2ccbbe283ec48eefd1aeb9b05e8e9b5c -> 
  custom:scripting/monoscript/fileName/ChromaKey_BgTex.cs: 31d8b6121d339249db5b6b74f6e2ed5a -> 
  custom:scripting/monoscript/fileName/ChromaKey_Alpha_Simple.cs: 41af4aec3871671be2e3d1e6e2beb3fa -> 
========================================================================
Received Prepare
Caller must complete domain reload
Begin MonoManager ReloadAssembly
- Loaded All Assemblies, in  0.330 seconds
Native extension for WindowsStandalone target not found
Native extension for Android target not found
Native extension for WebGL target not found
Mono: successfully reloaded assembly
- Finished resetting the current domain, in  0.557 seconds
Domain Reload Profiling: 885ms
	BeginReloadAssembly (119ms)
		ExecutionOrderSort (0ms)
		DisableScriptedObjects (4ms)
		BackupInstance (0ms)
		ReleaseScriptingObjects (0ms)
		CreateAndSetChildDomain (24ms)
	RebuildCommonClasses (23ms)
	RebuildNativeTypeToScriptingClass (8ms)
	initialDomainReloadingComplete (19ms)
	LoadAllAssembliesAndSetupDomain (159ms)
		LoadAssemblies (209ms)
		RebuildTransferFunctionScriptingTraits (0ms)
		AnalyzeDomain (13ms)
			TypeCache.Refresh (6ms)
				TypeCache.ScanAssembly (0ms)
			ScanForSourceGeneratedMonoScriptInfo (0ms)
			ResolveRequiredComponents (5ms)
	FinalizeReload (557ms)
		ReleaseScriptCaches (0ms)
		RebuildScriptCaches (0ms)
		SetupLoadedEditorAssemblies (281ms)
			LogAssemblyErrors (0ms)
			InitializePlatformSupportModulesInManaged (12ms)
			SetLoadedEditorAssemblies (2ms)
			RefreshPlugins (0ms)
			BeforeProcessingInitializeOnLoad (46ms)
			ProcessInitializeOnLoadAttributes (203ms)
			ProcessInitializeOnLoadMethodAttributes (15ms)
			AfterProcessingInitializeOnLoad (3ms)
			EditorAssembliesLoaded (0ms)
		ExecutionOrderSort2 (0ms)
		AwakeInstancesAfterBackupRestoration (4ms)
Refreshing native plugins compatible for Editor in 7.17 ms, found 14 plugins.
Preloading 0 native plugins for Editor in 0.00 ms.
Unloading 3863 Unused Serialized files (Serialized files now loaded: 0)
Unloading 62 unused Assets / (1.2 MB). Loaded Objects now: 4466.
Memory consumption went from 153.5 MB to 152.2 MB.
Total: 2.979400 ms (FindLiveObjects: 0.250100 ms CreateObjectMapping: 0.131600 ms MarkObjects: 2.110900 ms  DeleteObjects: 0.485700 ms)

Prepare: number of updated asset objects reloaded= 0
AssetImportParameters requested are different than current active one (requested -> active):
  custom:scripting/monoscript/fileName/FilterHue.cs: e11ebd1453f02006250532b8fc94401c -> 
  custom:scripting/monoscript/fileName/MaskAlpha_Simple.cs: 998d43c9fe4b6e28b49b302d9d2322c2 -> 
  custom:container-demuxer-ogg: 62fdf1f143b41e24485cea50d1cbac27 -> 
  custom:scripting/monoscript/fileName/Blur_General.cs: 8a0b661ffd1541e6ad3f246c6bdf6064 -> 
  custom:video-codec-MediaFoundation-h265: 746d11721c4dcdbdad8f713fa42b33f4 -> 
  custom:scripting/monoscript/fileName/FilterColor.cs: c7e03c267eff691012097878712f515f -> 
  custom:scripting/monoscript/fileName/WebCamStreamEditor.cs: 7ff0789dcbf9f051a9d8ec846158e2ba -> 
  custom:scripting/monoscript/fileName/FilterSaturation.cs: b7fec0f5c8362c4fb90fef7a3cd95114 -> 
  custom:video-decoder-ogg-theora: a1e56fd34408186e4bbccfd4996cb3dc -> 
  custom:framework-win-MediaFoundation: 216162199b28c13a410421893ffa2e32 -> 
  custom:scripting/monoscript/fileName/MSKController.cs: 329a38633d303c82e33ccda6c4b8945a -> 
  custom:scripting/monoscript/fileName/MSKControllerBase.cs: 3b3131690c1a2a5da542c610dd707e72 -> 
  custom:scripting/monoscript/fileName/MSKComponentBaseEditor.cs: 275a867f4c36146f6835259c27f4cc86 -> 
  custom:scripting/monoscript/fileName/MSKBridgeVideoPlayer.cs: 23ea9b98c8be82ba4011ee7c365782d5 -> 
  custom:CustomObjectIndexerAttribute: 9a22284fe3817be447336de3de66b15e -> 
  custom:scripting/monoscript/fileName/Blur_Simple.cs: 5b27881231d30e40969fe8a37b137bf8 -> 
  custom:scripting/monoscript/fileName/FilterContrast.cs: d6b3142fb580fa91da192f89b59a7efd -> 
  custom:scripting/monoscript/fileName/RenderTextureUtils.cs: 849547b237b0fb8e05adbc3d875f3e0a -> 
  custom:container-demuxer-webm: 4f35f7cbe854078d1ac9338744f61a02 -> 
  custom:scripting/monoscript/fileName/WebCamPlayerEditor.cs: 35fa70d5472cf4ed2a09ed8841245a40 -> 
  custom:scripting/monoscript/fileName/FilterHSBC.cs: abed7363c28ab4e39c46ca29c449c0bf -> 
  custom:scripting/monoscript/fileName/ChromaKey_BgColor.cs: ff79c54091a384a9f17d041e8b86dbef -> 
  custom:scripting/monoscript/fileName/WebCamPlayer.cs: ab9e6743a178280f9b1cb7fb2502280a -> 
  custom:container-muxer-webm: aa71ff27fc2769a1b78a27578f13a17b -> 
  custom:video-decoder-webm-vp8: 9c59270c3fd7afecdb556c50c9e8de78 -> 
  custom:scripting/monoscript/fileName/TargetRenderBaseEditor.cs: 884e2c9ba1f4c591a4be3b16e94fba5e -> 
  custom:SearchIndexIgnoredProperties: e643bd26f0fe6173181afceb89e7c659 -> 
  custom:AudioImporter_EditorPlatform: d09bf68614088b80899f8185d706f6e7 -> 
  custom:scripting/monoscript/fileName/FilterBrightness.cs: 3963794dd0d8c56a4d79f9d946364063 -> 
  custom:scripting/monoscript/fileName/MaskAlpha_Expert.cs: 9616cb22e95c50199495781447fa1e41 -> 
  custom:video-encoder-webm-vp8: eb34c28f22e8b96e1ab97ce403110664 -> 
  custom:audio-decoder-ogg-vorbis: bf7c407c2cedff20999df2af8eb42d56 -> 
  custom:scripting/monoscript/fileName/MaskAlpha_General.cs: eb48cce8dcc2d35737c4ec6ed20b1cc8 -> 
  custom:scripting/monoscript/fileName/WebCamStream.cs: 19da22c49c5df13f4dbdd979aad08efe -> 
  custom:scripting/monoscript/fileName/MSKBridgeWebCamPlayer.cs: c53fa13a9caf37fb3c221b4295873159 -> 
  custom:scripting/monoscript/fileName/MSKBridgeImage.cs: 45cffc4173ef79ea83298d852a467f5f -> 
  custom:audio-encoder-webm-vorbis: bf7c407c2cedff20999df2af8eb42d56 -> 
  custom:scripting/precompiled-assembly-types:Assembly-CSharp-Editor: a4afda7cddc5399c2adf3022dc9786b9 -> c43ab9b87697be09138a4d4ef369a2f4
  custom:scripting/monoscript/fileName/TargetRenderBase.cs: ede1e7ffe26e2bdaf1178000003a7cde -> 
  custom:scripting/monoscript/fileName/ChromaKey_Alpha_General.cs: 385319fb4a7056c216e19b2e8fd2d993 -> 
  custom:scripting/precompiled-assembly-types:Assembly-CSharp: fd4aa9dcc385f23025957af40729474f -> 019be45a1fb25a17605dd275f0018009
  custom:scripting/monoscript/fileName/MSKComponentBase.cs: 2ccbbe283ec48eefd1aeb9b05e8e9b5c -> 
  custom:scripting/monoscript/fileName/ChromaKey_BgTex.cs: 31d8b6121d339249db5b6b74f6e2ed5a -> 
  custom:scripting/monoscript/fileName/ChromaKey_Alpha_Simple.cs: 41af4aec3871671be2e3d1e6e2beb3fa -> 
========================================================================
Received Prepare
Caller must complete domain reload
Begin MonoManager ReloadAssembly
- Loaded All Assemblies, in  0.321 seconds
Native extension for WindowsStandalone target not found
Native extension for Android target not found
Native extension for WebGL target not found
Mono: successfully reloaded assembly
- Finished resetting the current domain, in  0.573 seconds
Domain Reload Profiling: 893ms
	BeginReloadAssembly (115ms)
		ExecutionOrderSort (0ms)
		DisableScriptedObjects (4ms)
		BackupInstance (0ms)
		ReleaseScriptingObjects (0ms)
		CreateAndSetChildDomain (23ms)
	RebuildCommonClasses (27ms)
	RebuildNativeTypeToScriptingClass (7ms)
	initialDomainReloadingComplete (19ms)
	LoadAllAssembliesAndSetupDomain (151ms)
		LoadAssemblies (201ms)
		RebuildTransferFunctionScriptingTraits (0ms)
		AnalyzeDomain (13ms)
			TypeCache.Refresh (6ms)
				TypeCache.ScanAssembly (0ms)
			ScanForSourceGeneratedMonoScriptInfo (0ms)
			ResolveRequiredComponents (5ms)
	FinalizeReload (574ms)
		ReleaseScriptCaches (0ms)
		RebuildScriptCaches (0ms)
		SetupLoadedEditorAssemblies (285ms)
			LogAssemblyErrors (0ms)
			InitializePlatformSupportModulesInManaged (13ms)
			SetLoadedEditorAssemblies (2ms)
			RefreshPlugins (0ms)
			BeforeProcessingInitializeOnLoad (44ms)
			ProcessInitializeOnLoadAttributes (208ms)
			ProcessInitializeOnLoadMethodAttributes (15ms)
			AfterProcessingInitializeOnLoad (3ms)
			EditorAssembliesLoaded (0ms)
		ExecutionOrderSort2 (0ms)
		AwakeInstancesAfterBackupRestoration (4ms)
Refreshing native plugins compatible for Editor in 7.08 ms, found 14 plugins.
Preloading 0 native plugins for Editor in 0.00 ms.
Unloading 3863 Unused Serialized files (Serialized files now loaded: 0)
Unloading 62 unused Assets / (1.2 MB). Loaded Objects now: 4470.
Memory consumption went from 153.5 MB to 152.2 MB.
Total: 2.993400 ms (FindLiveObjects: 0.229400 ms CreateObjectMapping: 0.109200 ms MarkObjects: 2.110400 ms  DeleteObjects: 0.543500 ms)

Prepare: number of updated asset objects reloaded= 0
AssetImportParameters requested are different than current active one (requested -> active):
  custom:scripting/monoscript/fileName/FilterHue.cs: e11ebd1453f02006250532b8fc94401c -> 
  custom:scripting/monoscript/fileName/MaskAlpha_Simple.cs: 998d43c9fe4b6e28b49b302d9d2322c2 -> 
  custom:container-demuxer-ogg: 62fdf1f143b41e24485cea50d1cbac27 -> 
  custom:scripting/monoscript/fileName/Blur_General.cs: 8a0b661ffd1541e6ad3f246c6bdf6064 -> 
  custom:video-codec-MediaFoundation-h265: 746d11721c4dcdbdad8f713fa42b33f4 -> 
  custom:scripting/monoscript/fileName/FilterColor.cs: c7e03c267eff691012097878712f515f -> 
  custom:scripting/monoscript/fileName/WebCamStreamEditor.cs: 7ff0789dcbf9f051a9d8ec846158e2ba -> 
  custom:scripting/monoscript/fileName/FilterSaturation.cs: b7fec0f5c8362c4fb90fef7a3cd95114 -> 
  custom:video-decoder-ogg-theora: a1e56fd34408186e4bbccfd4996cb3dc -> 
  custom:framework-win-MediaFoundation: 216162199b28c13a410421893ffa2e32 -> 
  custom:scripting/monoscript/fileName/MSKController.cs: 329a38633d303c82e33ccda6c4b8945a -> 
  custom:scripting/monoscript/fileName/MSKControllerBase.cs: 3b3131690c1a2a5da542c610dd707e72 -> 
  custom:scripting/monoscript/fileName/MSKComponentBaseEditor.cs: 275a867f4c36146f6835259c27f4cc86 -> 
  custom:scripting/monoscript/fileName/MSKBridgeVideoPlayer.cs: 23ea9b98c8be82ba4011ee7c365782d5 -> 
  custom:CustomObjectIndexerAttribute: 9a22284fe3817be447336de3de66b15e -> 
  custom:scripting/monoscript/fileName/Blur_Simple.cs: 5b27881231d30e40969fe8a37b137bf8 -> 
  custom:scripting/monoscript/fileName/FilterContrast.cs: d6b3142fb580fa91da192f89b59a7efd -> 
  custom:scripting/monoscript/fileName/RenderTextureUtils.cs: 849547b237b0fb8e05adbc3d875f3e0a -> 
  custom:container-demuxer-webm: 4f35f7cbe854078d1ac9338744f61a02 -> 
  custom:scripting/monoscript/fileName/WebCamPlayerEditor.cs: 35fa70d5472cf4ed2a09ed8841245a40 -> 
  custom:scripting/monoscript/fileName/FilterHSBC.cs: abed7363c28ab4e39c46ca29c449c0bf -> 
  custom:scripting/monoscript/fileName/ChromaKey_BgColor.cs: ff79c54091a384a9f17d041e8b86dbef -> 
  custom:scripting/monoscript/fileName/WebCamPlayer.cs: ab9e6743a178280f9b1cb7fb2502280a -> 
  custom:container-muxer-webm: aa71ff27fc2769a1b78a27578f13a17b -> 
  custom:video-decoder-webm-vp8: 9c59270c3fd7afecdb556c50c9e8de78 -> 
  custom:scripting/monoscript/fileName/TargetRenderBaseEditor.cs: 884e2c9ba1f4c591a4be3b16e94fba5e -> 
  custom:SearchIndexIgnoredProperties: e643bd26f0fe6173181afceb89e7c659 -> 
  custom:AudioImporter_EditorPlatform: d09bf68614088b80899f8185d706f6e7 -> 
  custom:scripting/monoscript/fileName/FilterBrightness.cs: 3963794dd0d8c56a4d79f9d946364063 -> 
  custom:scripting/monoscript/fileName/MaskAlpha_Expert.cs: 9616cb22e95c50199495781447fa1e41 -> 
  custom:video-encoder-webm-vp8: eb34c28f22e8b96e1ab97ce403110664 -> 
  custom:audio-decoder-ogg-vorbis: bf7c407c2cedff20999df2af8eb42d56 -> 
  custom:scripting/monoscript/fileName/MaskAlpha_General.cs: eb48cce8dcc2d35737c4ec6ed20b1cc8 -> 
  custom:scripting/monoscript/fileName/WebCamStream.cs: 19da22c49c5df13f4dbdd979aad08efe -> 
  custom:scripting/monoscript/fileName/MSKBridgeWebCamPlayer.cs: c53fa13a9caf37fb3c221b4295873159 -> 
  custom:scripting/monoscript/fileName/MSKBridgeImage.cs: 45cffc4173ef79ea83298d852a467f5f -> 
  custom:audio-encoder-webm-vorbis: bf7c407c2cedff20999df2af8eb42d56 -> 
  custom:scripting/precompiled-assembly-types:Assembly-CSharp-Editor: a4afda7cddc5399c2adf3022dc9786b9 -> c43ab9b87697be09138a4d4ef369a2f4
  custom:scripting/monoscript/fileName/TargetRenderBase.cs: ede1e7ffe26e2bdaf1178000003a7cde -> 
  custom:scripting/monoscript/fileName/ChromaKey_Alpha_General.cs: 385319fb4a7056c216e19b2e8fd2d993 -> 
  custom:scripting/precompiled-assembly-types:Assembly-CSharp: fd4aa9dcc385f23025957af40729474f -> 019be45a1fb25a17605dd275f0018009
  custom:scripting/monoscript/fileName/MSKComponentBase.cs: 2ccbbe283ec48eefd1aeb9b05e8e9b5c -> 
  custom:scripting/monoscript/fileName/ChromaKey_BgTex.cs: 31d8b6121d339249db5b6b74f6e2ed5a -> 
  custom:scripting/monoscript/fileName/ChromaKey_Alpha_Simple.cs: 41af4aec3871671be2e3d1e6e2beb3fa -> 
========================================================================
Received Prepare
Caller must complete domain reload
Begin MonoManager ReloadAssembly
- Loaded All Assemblies, in  0.313 seconds
Native extension for WindowsStandalone target not found
Native extension for Android target not found
Native extension for WebGL target not found
Mono: successfully reloaded assembly
- Finished resetting the current domain, in  0.549 seconds
Domain Reload Profiling: 861ms
	BeginReloadAssembly (112ms)
		ExecutionOrderSort (0ms)
		DisableScriptedObjects (4ms)
		BackupInstance (0ms)
		ReleaseScriptingObjects (0ms)
		CreateAndSetChildDomain (26ms)
	RebuildCommonClasses (23ms)
	RebuildNativeTypeToScriptingClass (7ms)
	initialDomainReloadingComplete (20ms)
	LoadAllAssembliesAndSetupDomain (149ms)
		LoadAssemblies (194ms)
		RebuildTransferFunctionScriptingTraits (0ms)
		AnalyzeDomain (12ms)
			TypeCache.Refresh (5ms)
				TypeCache.ScanAssembly (0ms)
			ScanForSourceGeneratedMonoScriptInfo (0ms)
			ResolveRequiredComponents (5ms)
	FinalizeReload (549ms)
		ReleaseScriptCaches (0ms)
		RebuildScriptCaches (0ms)
		SetupLoadedEditorAssemblies (276ms)
			LogAssemblyErrors (0ms)
			InitializePlatformSupportModulesInManaged (12ms)
			SetLoadedEditorAssemblies (2ms)
			RefreshPlugins (0ms)
			BeforeProcessingInitializeOnLoad (41ms)
			ProcessInitializeOnLoadAttributes (203ms)
			ProcessInitializeOnLoadMethodAttributes (14ms)
			AfterProcessingInitializeOnLoad (3ms)
			EditorAssembliesLoaded (0ms)
		ExecutionOrderSort2 (0ms)
		AwakeInstancesAfterBackupRestoration (4ms)
Refreshing native plugins compatible for Editor in 7.19 ms, found 14 plugins.
Preloading 0 native plugins for Editor in 0.00 ms.
Unloading 3863 Unused Serialized files (Serialized files now loaded: 0)
Unloading 62 unused Assets / (1.2 MB). Loaded Objects now: 4474.
Memory consumption went from 153.5 MB to 152.2 MB.
Total: 2.788500 ms (FindLiveObjects: 0.204400 ms CreateObjectMapping: 0.110900 ms MarkObjects: 1.972700 ms  DeleteObjects: 0.499400 ms)

Prepare: number of updated asset objects reloaded= 0
AssetImportParameters requested are different than current active one (requested -> active):
  custom:scripting/monoscript/fileName/FilterHue.cs: e11ebd1453f02006250532b8fc94401c -> 
  custom:scripting/monoscript/fileName/MaskAlpha_Simple.cs: 998d43c9fe4b6e28b49b302d9d2322c2 -> 
  custom:container-demuxer-ogg: 62fdf1f143b41e24485cea50d1cbac27 -> 
  custom:scripting/monoscript/fileName/Blur_General.cs: 8a0b661ffd1541e6ad3f246c6bdf6064 -> 
  custom:video-codec-MediaFoundation-h265: 746d11721c4dcdbdad8f713fa42b33f4 -> 
  custom:scripting/monoscript/fileName/FilterColor.cs: c7e03c267eff691012097878712f515f -> 
  custom:scripting/monoscript/fileName/WebCamStreamEditor.cs: 7ff0789dcbf9f051a9d8ec846158e2ba -> 
  custom:scripting/monoscript/fileName/FilterSaturation.cs: b7fec0f5c8362c4fb90fef7a3cd95114 -> 
  custom:video-decoder-ogg-theora: a1e56fd34408186e4bbccfd4996cb3dc -> 
  custom:framework-win-MediaFoundation: 216162199b28c13a410421893ffa2e32 -> 
  custom:scripting/monoscript/fileName/MSKController.cs: 329a38633d303c82e33ccda6c4b8945a -> 
  custom:scripting/monoscript/fileName/MSKControllerBase.cs: 3b3131690c1a2a5da542c610dd707e72 -> 
  custom:scripting/monoscript/fileName/MSKComponentBaseEditor.cs: 275a867f4c36146f6835259c27f4cc86 -> 
  custom:scripting/monoscript/fileName/MSKBridgeVideoPlayer.cs: 23ea9b98c8be82ba4011ee7c365782d5 -> 
  custom:CustomObjectIndexerAttribute: 9a22284fe3817be447336de3de66b15e -> 
  custom:scripting/monoscript/fileName/Blur_Simple.cs: 5b27881231d30e40969fe8a37b137bf8 -> 
  custom:scripting/monoscript/fileName/FilterContrast.cs: d6b3142fb580fa91da192f89b59a7efd -> 
  custom:scripting/monoscript/fileName/RenderTextureUtils.cs: 849547b237b0fb8e05adbc3d875f3e0a -> 
  custom:container-demuxer-webm: 4f35f7cbe854078d1ac9338744f61a02 -> 
  custom:scripting/monoscript/fileName/WebCamPlayerEditor.cs: 35fa70d5472cf4ed2a09ed8841245a40 -> 
  custom:scripting/monoscript/fileName/FilterHSBC.cs: abed7363c28ab4e39c46ca29c449c0bf -> 
  custom:scripting/monoscript/fileName/ChromaKey_BgColor.cs: ff79c54091a384a9f17d041e8b86dbef -> 
  custom:scripting/monoscript/fileName/WebCamPlayer.cs: ab9e6743a178280f9b1cb7fb2502280a -> 
  custom:container-muxer-webm: aa71ff27fc2769a1b78a27578f13a17b -> 
  custom:video-decoder-webm-vp8: 9c59270c3fd7afecdb556c50c9e8de78 -> 
  custom:scripting/monoscript/fileName/TargetRenderBaseEditor.cs: 884e2c9ba1f4c591a4be3b16e94fba5e -> 
  custom:SearchIndexIgnoredProperties: e643bd26f0fe6173181afceb89e7c659 -> 
  custom:AudioImporter_EditorPlatform: d09bf68614088b80899f8185d706f6e7 -> 
  custom:scripting/monoscript/fileName/FilterBrightness.cs: 3963794dd0d8c56a4d79f9d946364063 -> 
  custom:scripting/monoscript/fileName/MaskAlpha_Expert.cs: 9616cb22e95c50199495781447fa1e41 -> 
  custom:video-encoder-webm-vp8: eb34c28f22e8b96e1ab97ce403110664 -> 
  custom:audio-decoder-ogg-vorbis: bf7c407c2cedff20999df2af8eb42d56 -> 
  custom:scripting/monoscript/fileName/MaskAlpha_General.cs: eb48cce8dcc2d35737c4ec6ed20b1cc8 -> 
  custom:scripting/monoscript/fileName/WebCamStream.cs: 19da22c49c5df13f4dbdd979aad08efe -> 
  custom:scripting/monoscript/fileName/MSKBridgeWebCamPlayer.cs: c53fa13a9caf37fb3c221b4295873159 -> 
  custom:scripting/monoscript/fileName/MSKBridgeImage.cs: 45cffc4173ef79ea83298d852a467f5f -> 
  custom:audio-encoder-webm-vorbis: bf7c407c2cedff20999df2af8eb42d56 -> 
  custom:scripting/precompiled-assembly-types:Assembly-CSharp-Editor: a4afda7cddc5399c2adf3022dc9786b9 -> c43ab9b87697be09138a4d4ef369a2f4
  custom:scripting/monoscript/fileName/TargetRenderBase.cs: ede1e7ffe26e2bdaf1178000003a7cde -> 
  custom:scripting/monoscript/fileName/ChromaKey_Alpha_General.cs: 385319fb4a7056c216e19b2e8fd2d993 -> 
  custom:scripting/precompiled-assembly-types:Assembly-CSharp: fd4aa9dcc385f23025957af40729474f -> 019be45a1fb25a17605dd275f0018009
  custom:scripting/monoscript/fileName/MSKComponentBase.cs: 2ccbbe283ec48eefd1aeb9b05e8e9b5c -> 
  custom:scripting/monoscript/fileName/ChromaKey_BgTex.cs: 31d8b6121d339249db5b6b74f6e2ed5a -> 
  custom:scripting/monoscript/fileName/ChromaKey_Alpha_Simple.cs: 41af4aec3871671be2e3d1e6e2beb3fa -> 
========================================================================
Received Prepare
Caller must complete domain reload
Begin MonoManager ReloadAssembly
- Loaded All Assemblies, in  0.329 seconds
Native extension for WindowsStandalone target not found
Native extension for Android target not found
Native extension for WebGL target not found
Mono: successfully reloaded assembly
- Finished resetting the current domain, in  0.565 seconds
Domain Reload Profiling: 893ms
	BeginReloadAssembly (112ms)
		ExecutionOrderSort (0ms)
		DisableScriptedObjects (4ms)
		BackupInstance (0ms)
		ReleaseScriptingObjects (0ms)
		CreateAndSetChildDomain (23ms)
	RebuildCommonClasses (22ms)
	RebuildNativeTypeToScriptingClass (7ms)
	initialDomainReloadingComplete (20ms)
	LoadAllAssembliesAndSetupDomain (167ms)
		LoadAssemblies (212ms)
		RebuildTransferFunctionScriptingTraits (0ms)
		AnalyzeDomain (13ms)
			TypeCache.Refresh (5ms)
				TypeCache.ScanAssembly (0ms)
			ScanForSourceGeneratedMonoScriptInfo (0ms)
			ResolveRequiredComponents (5ms)
	FinalizeReload (565ms)
		ReleaseScriptCaches (0ms)
		RebuildScriptCaches (0ms)
		SetupLoadedEditorAssemblies (284ms)
			LogAssemblyErrors (0ms)
			InitializePlatformSupportModulesInManaged (13ms)
			SetLoadedEditorAssemblies (2ms)
			RefreshPlugins (0ms)
			BeforeProcessingInitializeOnLoad (44ms)
			ProcessInitializeOnLoadAttributes (206ms)
			ProcessInitializeOnLoadMethodAttributes (16ms)
			AfterProcessingInitializeOnLoad (4ms)
			EditorAssembliesLoaded (0ms)
		ExecutionOrderSort2 (0ms)
		AwakeInstancesAfterBackupRestoration (5ms)
Refreshing native plugins compatible for Editor in 7.07 ms, found 14 plugins.
Preloading 0 native plugins for Editor in 0.00 ms.
Unloading 3863 Unused Serialized files (Serialized files now loaded: 0)
Unloading 62 unused Assets / (1.2 MB). Loaded Objects now: 4478.
Memory consumption went from 153.5 MB to 152.2 MB.
Total: 3.000400 ms (FindLiveObjects: 0.238900 ms CreateObjectMapping: 0.097600 ms MarkObjects: 2.057600 ms  DeleteObjects: 0.605500 ms)

Prepare: number of updated asset objects reloaded= 0
AssetImportParameters requested are different than current active one (requested -> active):
  custom:scripting/monoscript/fileName/FilterHue.cs: e11ebd1453f02006250532b8fc94401c -> 
  custom:scripting/monoscript/fileName/MaskAlpha_Simple.cs: 998d43c9fe4b6e28b49b302d9d2322c2 -> 
  custom:container-demuxer-ogg: 62fdf1f143b41e24485cea50d1cbac27 -> 
  custom:scripting/monoscript/fileName/Blur_General.cs: 8a0b661ffd1541e6ad3f246c6bdf6064 -> 
  custom:video-codec-MediaFoundation-h265: 746d11721c4dcdbdad8f713fa42b33f4 -> 
  custom:scripting/monoscript/fileName/FilterColor.cs: c7e03c267eff691012097878712f515f -> 
  custom:scripting/monoscript/fileName/WebCamStreamEditor.cs: 7ff0789dcbf9f051a9d8ec846158e2ba -> 
  custom:scripting/monoscript/fileName/FilterSaturation.cs: b7fec0f5c8362c4fb90fef7a3cd95114 -> 
  custom:video-decoder-ogg-theora: a1e56fd34408186e4bbccfd4996cb3dc -> 
  custom:framework-win-MediaFoundation: 216162199b28c13a410421893ffa2e32 -> 
  custom:scripting/monoscript/fileName/MSKController.cs: 329a38633d303c82e33ccda6c4b8945a -> 
  custom:scripting/monoscript/fileName/MSKControllerBase.cs: 3b3131690c1a2a5da542c610dd707e72 -> 
  custom:scripting/monoscript/fileName/MSKComponentBaseEditor.cs: 275a867f4c36146f6835259c27f4cc86 -> 
  custom:scripting/monoscript/fileName/MSKBridgeVideoPlayer.cs: 23ea9b98c8be82ba4011ee7c365782d5 -> 
  custom:CustomObjectIndexerAttribute: 9a22284fe3817be447336de3de66b15e -> 
  custom:scripting/monoscript/fileName/Blur_Simple.cs: 5b27881231d30e40969fe8a37b137bf8 -> 
  custom:scripting/monoscript/fileName/FilterContrast.cs: d6b3142fb580fa91da192f89b59a7efd -> 
  custom:scripting/monoscript/fileName/RenderTextureUtils.cs: 849547b237b0fb8e05adbc3d875f3e0a -> 
  custom:container-demuxer-webm: 4f35f7cbe854078d1ac9338744f61a02 -> 
  custom:scripting/monoscript/fileName/WebCamPlayerEditor.cs: 35fa70d5472cf4ed2a09ed8841245a40 -> 
  custom:scripting/monoscript/fileName/FilterHSBC.cs: abed7363c28ab4e39c46ca29c449c0bf -> 
  custom:scripting/monoscript/fileName/ChromaKey_BgColor.cs: ff79c54091a384a9f17d041e8b86dbef -> 
  custom:scripting/monoscript/fileName/WebCamPlayer.cs: ab9e6743a178280f9b1cb7fb2502280a -> 
  custom:container-muxer-webm: aa71ff27fc2769a1b78a27578f13a17b -> 
  custom:video-decoder-webm-vp8: 9c59270c3fd7afecdb556c50c9e8de78 -> 
  custom:scripting/monoscript/fileName/TargetRenderBaseEditor.cs: 884e2c9ba1f4c591a4be3b16e94fba5e -> 
  custom:SearchIndexIgnoredProperties: e643bd26f0fe6173181afceb89e7c659 -> 
  custom:AudioImporter_EditorPlatform: d09bf68614088b80899f8185d706f6e7 -> 
  custom:scripting/monoscript/fileName/FilterBrightness.cs: 3963794dd0d8c56a4d79f9d946364063 -> 
  custom:scripting/monoscript/fileName/MaskAlpha_Expert.cs: 9616cb22e95c50199495781447fa1e41 -> 
  custom:video-encoder-webm-vp8: eb34c28f22e8b96e1ab97ce403110664 -> 
  custom:audio-decoder-ogg-vorbis: bf7c407c2cedff20999df2af8eb42d56 -> 
  custom:scripting/monoscript/fileName/MaskAlpha_General.cs: eb48cce8dcc2d35737c4ec6ed20b1cc8 -> 
  custom:scripting/monoscript/fileName/WebCamStream.cs: 19da22c49c5df13f4dbdd979aad08efe -> 
  custom:scripting/monoscript/fileName/MSKBridgeWebCamPlayer.cs: c53fa13a9caf37fb3c221b4295873159 -> 
  custom:scripting/monoscript/fileName/MSKBridgeImage.cs: 45cffc4173ef79ea83298d852a467f5f -> 
  custom:audio-encoder-webm-vorbis: bf7c407c2cedff20999df2af8eb42d56 -> 
  custom:scripting/precompiled-assembly-types:Assembly-CSharp-Editor: a4afda7cddc5399c2adf3022dc9786b9 -> c43ab9b87697be09138a4d4ef369a2f4
  custom:scripting/monoscript/fileName/TargetRenderBase.cs: ede1e7ffe26e2bdaf1178000003a7cde -> 
  custom:scripting/monoscript/fileName/ChromaKey_Alpha_General.cs: 385319fb4a7056c216e19b2e8fd2d993 -> 
  custom:scripting/precompiled-assembly-types:Assembly-CSharp: fd4aa9dcc385f23025957af40729474f -> 019be45a1fb25a17605dd275f0018009
  custom:scripting/monoscript/fileName/MSKComponentBase.cs: 2ccbbe283ec48eefd1aeb9b05e8e9b5c -> 
  custom:scripting/monoscript/fileName/ChromaKey_BgTex.cs: 31d8b6121d339249db5b6b74f6e2ed5a -> 
  custom:scripting/monoscript/fileName/ChromaKey_Alpha_Simple.cs: 41af4aec3871671be2e3d1e6e2beb3fa -> 
========================================================================
Received Prepare
Caller must complete domain reload
Begin MonoManager ReloadAssembly
- Loaded All Assemblies, in  0.318 seconds
Native extension for WindowsStandalone target not found
Native extension for Android target not found
Native extension for WebGL target not found
Mono: successfully reloaded assembly
- Finished resetting the current domain, in  0.558 seconds
Domain Reload Profiling: 875ms
	BeginReloadAssembly (108ms)
		ExecutionOrderSort (0ms)
		DisableScriptedObjects (3ms)
		BackupInstance (0ms)
		ReleaseScriptingObjects (0ms)
		CreateAndSetChildDomain (22ms)
	RebuildCommonClasses (23ms)
	RebuildNativeTypeToScriptingClass (8ms)
	initialDomainReloadingComplete (20ms)
	LoadAllAssembliesAndSetupDomain (158ms)
		LoadAssemblies (202ms)
		RebuildTransferFunctionScriptingTraits (0ms)
		AnalyzeDomain (14ms)
			TypeCache.Refresh (6ms)
				TypeCache.ScanAssembly (0ms)
			ScanForSourceGeneratedMonoScriptInfo (0ms)
			ResolveRequiredComponents (6ms)
	FinalizeReload (558ms)
		ReleaseScriptCaches (0ms)
		RebuildScriptCaches (0ms)
		SetupLoadedEditorAssemblies (275ms)
			LogAssemblyErrors (0ms)
			InitializePlatformSupportModulesInManaged (14ms)
			SetLoadedEditorAssemblies (2ms)
			RefreshPlugins (0ms)
			BeforeProcessingInitializeOnLoad (40ms)
			ProcessInitializeOnLoadAttributes (199ms)
			ProcessInitializeOnLoadMethodAttributes (14ms)
			AfterProcessingInitializeOnLoad (4ms)
			EditorAssembliesLoaded (0ms)
		ExecutionOrderSort2 (0ms)
		AwakeInstancesAfterBackupRestoration (5ms)
Refreshing native plugins compatible for Editor in 7.35 ms, found 14 plugins.
Preloading 0 native plugins for Editor in 0.00 ms.
Unloading 3863 Unused Serialized files (Serialized files now loaded: 0)
Unloading 62 unused Assets / (1.2 MB). Loaded Objects now: 4482.
Memory consumption went from 153.5 MB to 152.3 MB.
Total: 2.805900 ms (FindLiveObjects: 0.218200 ms CreateObjectMapping: 0.096000 ms MarkObjects: 1.995300 ms  DeleteObjects: 0.495800 ms)

Prepare: number of updated asset objects reloaded= 0
AssetImportParameters requested are different than current active one (requested -> active):
  custom:scripting/monoscript/fileName/FilterHue.cs: e11ebd1453f02006250532b8fc94401c -> 
  custom:scripting/monoscript/fileName/MaskAlpha_Simple.cs: 998d43c9fe4b6e28b49b302d9d2322c2 -> 
  custom:container-demuxer-ogg: 62fdf1f143b41e24485cea50d1cbac27 -> 
  custom:scripting/monoscript/fileName/Blur_General.cs: 8a0b661ffd1541e6ad3f246c6bdf6064 -> 
  custom:video-codec-MediaFoundation-h265: 746d11721c4dcdbdad8f713fa42b33f4 -> 
  custom:scripting/monoscript/fileName/FilterColor.cs: c7e03c267eff691012097878712f515f -> 
  custom:scripting/monoscript/fileName/WebCamStreamEditor.cs: 7ff0789dcbf9f051a9d8ec846158e2ba -> 
  custom:scripting/monoscript/fileName/FilterSaturation.cs: b7fec0f5c8362c4fb90fef7a3cd95114 -> 
  custom:video-decoder-ogg-theora: a1e56fd34408186e4bbccfd4996cb3dc -> 
  custom:framework-win-MediaFoundation: 216162199b28c13a410421893ffa2e32 -> 
  custom:scripting/monoscript/fileName/MSKController.cs: 329a38633d303c82e33ccda6c4b8945a -> 
  custom:scripting/monoscript/fileName/MSKControllerBase.cs: 3b3131690c1a2a5da542c610dd707e72 -> 
  custom:scripting/monoscript/fileName/MSKComponentBaseEditor.cs: 275a867f4c36146f6835259c27f4cc86 -> 
  custom:scripting/monoscript/fileName/MSKBridgeVideoPlayer.cs: 23ea9b98c8be82ba4011ee7c365782d5 -> 
  custom:CustomObjectIndexerAttribute: 9a22284fe3817be447336de3de66b15e -> 
  custom:scripting/monoscript/fileName/Blur_Simple.cs: 5b27881231d30e40969fe8a37b137bf8 -> 
  custom:scripting/monoscript/fileName/FilterContrast.cs: d6b3142fb580fa91da192f89b59a7efd -> 
  custom:scripting/monoscript/fileName/RenderTextureUtils.cs: 849547b237b0fb8e05adbc3d875f3e0a -> 
  custom:container-demuxer-webm: 4f35f7cbe854078d1ac9338744f61a02 -> 
  custom:scripting/monoscript/fileName/WebCamPlayerEditor.cs: 35fa70d5472cf4ed2a09ed8841245a40 -> 
  custom:scripting/monoscript/fileName/FilterHSBC.cs: abed7363c28ab4e39c46ca29c449c0bf -> 
  custom:scripting/monoscript/fileName/ChromaKey_BgColor.cs: ff79c54091a384a9f17d041e8b86dbef -> 
  custom:scripting/monoscript/fileName/WebCamPlayer.cs: ab9e6743a178280f9b1cb7fb2502280a -> 
  custom:container-muxer-webm: aa71ff27fc2769a1b78a27578f13a17b -> 
  custom:video-decoder-webm-vp8: 9c59270c3fd7afecdb556c50c9e8de78 -> 
  custom:scripting/monoscript/fileName/TargetRenderBaseEditor.cs: 884e2c9ba1f4c591a4be3b16e94fba5e -> 
  custom:SearchIndexIgnoredProperties: e643bd26f0fe6173181afceb89e7c659 -> 
  custom:AudioImporter_EditorPlatform: d09bf68614088b80899f8185d706f6e7 -> 
  custom:scripting/monoscript/fileName/FilterBrightness.cs: 3963794dd0d8c56a4d79f9d946364063 -> 
  custom:scripting/monoscript/fileName/MaskAlpha_Expert.cs: 9616cb22e95c50199495781447fa1e41 -> 
  custom:video-encoder-webm-vp8: eb34c28f22e8b96e1ab97ce403110664 -> 
  custom:audio-decoder-ogg-vorbis: bf7c407c2cedff20999df2af8eb42d56 -> 
  custom:scripting/monoscript/fileName/MaskAlpha_General.cs: eb48cce8dcc2d35737c4ec6ed20b1cc8 -> 
  custom:scripting/monoscript/fileName/WebCamStream.cs: 19da22c49c5df13f4dbdd979aad08efe -> 
  custom:scripting/monoscript/fileName/MSKBridgeWebCamPlayer.cs: c53fa13a9caf37fb3c221b4295873159 -> 
  custom:scripting/monoscript/fileName/MSKBridgeImage.cs: 45cffc4173ef79ea83298d852a467f5f -> 
  custom:audio-encoder-webm-vorbis: bf7c407c2cedff20999df2af8eb42d56 -> 
  custom:scripting/precompiled-assembly-types:Assembly-CSharp-Editor: a4afda7cddc5399c2adf3022dc9786b9 -> c43ab9b87697be09138a4d4ef369a2f4
  custom:scripting/monoscript/fileName/TargetRenderBase.cs: ede1e7ffe26e2bdaf1178000003a7cde -> 
  custom:scripting/monoscript/fileName/ChromaKey_Alpha_General.cs: 385319fb4a7056c216e19b2e8fd2d993 -> 
  custom:scripting/precompiled-assembly-types:Assembly-CSharp: fd4aa9dcc385f23025957af40729474f -> 019be45a1fb25a17605dd275f0018009
  custom:scripting/monoscript/fileName/MSKComponentBase.cs: 2ccbbe283ec48eefd1aeb9b05e8e9b5c -> 
  custom:scripting/monoscript/fileName/ChromaKey_BgTex.cs: 31d8b6121d339249db5b6b74f6e2ed5a -> 
  custom:scripting/monoscript/fileName/ChromaKey_Alpha_Simple.cs: 41af4aec3871671be2e3d1e6e2beb3fa -> 
========================================================================
Received Prepare
Caller must complete domain reload
Begin MonoManager ReloadAssembly
- Loaded All Assemblies, in  0.325 seconds
Native extension for WindowsStandalone target not found
Native extension for Android target not found
Native extension for WebGL target not found
Mono: successfully reloaded assembly
- Finished resetting the current domain, in  0.564 seconds
Domain Reload Profiling: 888ms
	BeginReloadAssembly (112ms)
		ExecutionOrderSort (0ms)
		DisableScriptedObjects (5ms)
		BackupInstance (0ms)
		ReleaseScriptingObjects (0ms)
		CreateAndSetChildDomain (23ms)
	RebuildCommonClasses (23ms)
	RebuildNativeTypeToScriptingClass (7ms)
	initialDomainReloadingComplete (19ms)
	LoadAllAssembliesAndSetupDomain (163ms)
		LoadAssemblies (208ms)
		RebuildTransferFunctionScriptingTraits (0ms)
		AnalyzeDomain (14ms)
			TypeCache.Refresh (6ms)
				TypeCache.ScanAssembly (0ms)
			ScanForSourceGeneratedMonoScriptInfo (0ms)
			ResolveRequiredComponents (5ms)
	FinalizeReload (564ms)
		ReleaseScriptCaches (0ms)
		RebuildScriptCaches (0ms)
		SetupLoadedEditorAssemblies (282ms)
			LogAssemblyErrors (0ms)
			InitializePlatformSupportModulesInManaged (12ms)
			SetLoadedEditorAssemblies (2ms)
			RefreshPlugins (0ms)
			BeforeProcessingInitializeOnLoad (40ms)
			ProcessInitializeOnLoadAttributes (208ms)
			ProcessInitializeOnLoadMethodAttributes (16ms)
			AfterProcessingInitializeOnLoad (4ms)
			EditorAssembliesLoaded (0ms)
		ExecutionOrderSort2 (0ms)
		AwakeInstancesAfterBackupRestoration (5ms)
Refreshing native plugins compatible for Editor in 8.72 ms, found 14 plugins.
Preloading 0 native plugins for Editor in 0.00 ms.
Unloading 3863 Unused Serialized files (Serialized files now loaded: 0)
Unloading 62 unused Assets / (1.2 MB). Loaded Objects now: 4486.
Memory consumption went from 153.5 MB to 152.3 MB.
Total: 2.822900 ms (FindLiveObjects: 0.246000 ms CreateObjectMapping: 0.105800 ms MarkObjects: 1.930800 ms  DeleteObjects: 0.539500 ms)

Prepare: number of updated asset objects reloaded= 0
AssetImportParameters requested are different than current active one (requested -> active):
  custom:scripting/monoscript/fileName/FilterHue.cs: e11ebd1453f02006250532b8fc94401c -> 
  custom:scripting/monoscript/fileName/MaskAlpha_Simple.cs: 998d43c9fe4b6e28b49b302d9d2322c2 -> 
  custom:container-demuxer-ogg: 62fdf1f143b41e24485cea50d1cbac27 -> 
  custom:scripting/monoscript/fileName/Blur_General.cs: 8a0b661ffd1541e6ad3f246c6bdf6064 -> 
  custom:video-codec-MediaFoundation-h265: 746d11721c4dcdbdad8f713fa42b33f4 -> 
  custom:scripting/monoscript/fileName/FilterColor.cs: c7e03c267eff691012097878712f515f -> 
  custom:scripting/monoscript/fileName/WebCamStreamEditor.cs: 7ff0789dcbf9f051a9d8ec846158e2ba -> 
  custom:scripting/monoscript/fileName/FilterSaturation.cs: b7fec0f5c8362c4fb90fef7a3cd95114 -> 
  custom:video-decoder-ogg-theora: a1e56fd34408186e4bbccfd4996cb3dc -> 
  custom:framework-win-MediaFoundation: 216162199b28c13a410421893ffa2e32 -> 
  custom:scripting/monoscript/fileName/MSKController.cs: 329a38633d303c82e33ccda6c4b8945a -> 
  custom:scripting/monoscript/fileName/MSKControllerBase.cs: 3b3131690c1a2a5da542c610dd707e72 -> 
  custom:scripting/monoscript/fileName/MSKComponentBaseEditor.cs: 275a867f4c36146f6835259c27f4cc86 -> 
  custom:scripting/monoscript/fileName/MSKBridgeVideoPlayer.cs: 23ea9b98c8be82ba4011ee7c365782d5 -> 
  custom:CustomObjectIndexerAttribute: 9a22284fe3817be447336de3de66b15e -> 
  custom:scripting/monoscript/fileName/Blur_Simple.cs: 5b27881231d30e40969fe8a37b137bf8 -> 
  custom:scripting/monoscript/fileName/FilterContrast.cs: d6b3142fb580fa91da192f89b59a7efd -> 
  custom:scripting/monoscript/fileName/RenderTextureUtils.cs: 849547b237b0fb8e05adbc3d875f3e0a -> 
  custom:container-demuxer-webm: 4f35f7cbe854078d1ac9338744f61a02 -> 
  custom:scripting/monoscript/fileName/WebCamPlayerEditor.cs: 35fa70d5472cf4ed2a09ed8841245a40 -> 
  custom:scripting/monoscript/fileName/FilterHSBC.cs: abed7363c28ab4e39c46ca29c449c0bf -> 
  custom:scripting/monoscript/fileName/ChromaKey_BgColor.cs: ff79c54091a384a9f17d041e8b86dbef -> 
  custom:scripting/monoscript/fileName/WebCamPlayer.cs: ab9e6743a178280f9b1cb7fb2502280a -> 
  custom:container-muxer-webm: aa71ff27fc2769a1b78a27578f13a17b -> 
  custom:video-decoder-webm-vp8: 9c59270c3fd7afecdb556c50c9e8de78 -> 
  custom:scripting/monoscript/fileName/TargetRenderBaseEditor.cs: 884e2c9ba1f4c591a4be3b16e94fba5e -> 
  custom:SearchIndexIgnoredProperties: e643bd26f0fe6173181afceb89e7c659 -> 
  custom:AudioImporter_EditorPlatform: d09bf68614088b80899f8185d706f6e7 -> 
  custom:scripting/monoscript/fileName/FilterBrightness.cs: 3963794dd0d8c56a4d79f9d946364063 -> 
  custom:scripting/monoscript/fileName/MaskAlpha_Expert.cs: 9616cb22e95c50199495781447fa1e41 -> 
  custom:video-encoder-webm-vp8: eb34c28f22e8b96e1ab97ce403110664 -> 
  custom:audio-decoder-ogg-vorbis: bf7c407c2cedff20999df2af8eb42d56 -> 
  custom:scripting/monoscript/fileName/MaskAlpha_General.cs: eb48cce8dcc2d35737c4ec6ed20b1cc8 -> 
  custom:scripting/monoscript/fileName/WebCamStream.cs: 19da22c49c5df13f4dbdd979aad08efe -> 
  custom:scripting/monoscript/fileName/MSKBridgeWebCamPlayer.cs: c53fa13a9caf37fb3c221b4295873159 -> 
  custom:scripting/monoscript/fileName/MSKBridgeImage.cs: 45cffc4173ef79ea83298d852a467f5f -> 
  custom:audio-encoder-webm-vorbis: bf7c407c2cedff20999df2af8eb42d56 -> 
  custom:scripting/precompiled-assembly-types:Assembly-CSharp-Editor: a4afda7cddc5399c2adf3022dc9786b9 -> c43ab9b87697be09138a4d4ef369a2f4
  custom:scripting/monoscript/fileName/TargetRenderBase.cs: ede1e7ffe26e2bdaf1178000003a7cde -> 
  custom:scripting/monoscript/fileName/ChromaKey_Alpha_General.cs: 385319fb4a7056c216e19b2e8fd2d993 -> 
  custom:scripting/precompiled-assembly-types:Assembly-CSharp: fd4aa9dcc385f23025957af40729474f -> 019be45a1fb25a17605dd275f0018009
  custom:scripting/monoscript/fileName/MSKComponentBase.cs: 2ccbbe283ec48eefd1aeb9b05e8e9b5c -> 
  custom:scripting/monoscript/fileName/ChromaKey_BgTex.cs: 31d8b6121d339249db5b6b74f6e2ed5a -> 
  custom:scripting/monoscript/fileName/ChromaKey_Alpha_Simple.cs: 41af4aec3871671be2e3d1e6e2beb3fa -> 
========================================================================
Received Prepare
Caller must complete domain reload
Begin MonoManager ReloadAssembly
- Loaded All Assemblies, in  0.329 seconds
Native extension for WindowsStandalone target not found
Native extension for Android target not found
Native extension for WebGL target not found
Mono: successfully reloaded assembly
- Finished resetting the current domain, in  0.577 seconds
Domain Reload Profiling: 906ms
	BeginReloadAssembly (114ms)
		ExecutionOrderSort (0ms)
		DisableScriptedObjects (4ms)
		BackupInstance (0ms)
		ReleaseScriptingObjects (0ms)
		CreateAndSetChildDomain (25ms)
	RebuildCommonClasses (23ms)
	RebuildNativeTypeToScriptingClass (8ms)
	initialDomainReloadingComplete (21ms)
	LoadAllAssembliesAndSetupDomain (162ms)
		LoadAssemblies (209ms)
		RebuildTransferFunctionScriptingTraits (0ms)
		AnalyzeDomain (13ms)
			TypeCache.Refresh (6ms)
				TypeCache.ScanAssembly (0ms)
			ScanForSourceGeneratedMonoScriptInfo (0ms)
			ResolveRequiredComponents (5ms)
	FinalizeReload (578ms)
		ReleaseScriptCaches (0ms)
		RebuildScriptCaches (0ms)
		SetupLoadedEditorAssemblies (288ms)
			LogAssemblyErrors (0ms)
			InitializePlatformSupportModulesInManaged (14ms)
			SetLoadedEditorAssemblies (2ms)
			RefreshPlugins (0ms)
			BeforeProcessingInitializeOnLoad (44ms)
			ProcessInitializeOnLoadAttributes (207ms)
			ProcessInitializeOnLoadMethodAttributes (16ms)
			AfterProcessingInitializeOnLoad (4ms)
			EditorAssembliesLoaded (0ms)
		ExecutionOrderSort2 (0ms)
		AwakeInstancesAfterBackupRestoration (5ms)
Refreshing native plugins compatible for Editor in 8.36 ms, found 14 plugins.
Preloading 0 native plugins for Editor in 0.00 ms.
Unloading 3863 Unused Serialized files (Serialized files now loaded: 0)
Unloading 62 unused Assets / (1.2 MB). Loaded Objects now: 4490.
Memory consumption went from 153.5 MB to 152.3 MB.
Total: 2.787000 ms (FindLiveObjects: 0.225400 ms CreateObjectMapping: 0.099700 ms MarkObjects: 1.947700 ms  DeleteObjects: 0.513300 ms)

Prepare: number of updated asset objects reloaded= 0
AssetImportParameters requested are different than current active one (requested -> active):
  custom:scripting/monoscript/fileName/FilterHue.cs: e11ebd1453f02006250532b8fc94401c -> 
  custom:scripting/monoscript/fileName/MaskAlpha_Simple.cs: 998d43c9fe4b6e28b49b302d9d2322c2 -> 
  custom:container-demuxer-ogg: 62fdf1f143b41e24485cea50d1cbac27 -> 
  custom:scripting/monoscript/fileName/Blur_General.cs: 8a0b661ffd1541e6ad3f246c6bdf6064 -> 
  custom:video-codec-MediaFoundation-h265: 746d11721c4dcdbdad8f713fa42b33f4 -> 
  custom:scripting/monoscript/fileName/FilterColor.cs: c7e03c267eff691012097878712f515f -> 
  custom:scripting/monoscript/fileName/WebCamStreamEditor.cs: 7ff0789dcbf9f051a9d8ec846158e2ba -> 
  custom:scripting/monoscript/fileName/FilterSaturation.cs: b7fec0f5c8362c4fb90fef7a3cd95114 -> 
  custom:video-decoder-ogg-theora: a1e56fd34408186e4bbccfd4996cb3dc -> 
  custom:framework-win-MediaFoundation: 216162199b28c13a410421893ffa2e32 -> 
  custom:scripting/monoscript/fileName/MSKController.cs: 329a38633d303c82e33ccda6c4b8945a -> 
  custom:scripting/monoscript/fileName/MSKControllerBase.cs: 3b3131690c1a2a5da542c610dd707e72 -> 
  custom:scripting/monoscript/fileName/MSKComponentBaseEditor.cs: 275a867f4c36146f6835259c27f4cc86 -> 
  custom:scripting/monoscript/fileName/MSKBridgeVideoPlayer.cs: 23ea9b98c8be82ba4011ee7c365782d5 -> 
  custom:CustomObjectIndexerAttribute: 9a22284fe3817be447336de3de66b15e -> 
  custom:scripting/monoscript/fileName/Blur_Simple.cs: 5b27881231d30e40969fe8a37b137bf8 -> 
  custom:scripting/monoscript/fileName/FilterContrast.cs: d6b3142fb580fa91da192f89b59a7efd -> 
  custom:scripting/monoscript/fileName/RenderTextureUtils.cs: 849547b237b0fb8e05adbc3d875f3e0a -> 
  custom:container-demuxer-webm: 4f35f7cbe854078d1ac9338744f61a02 -> 
  custom:scripting/monoscript/fileName/WebCamPlayerEditor.cs: 35fa70d5472cf4ed2a09ed8841245a40 -> 
  custom:scripting/monoscript/fileName/FilterHSBC.cs: abed7363c28ab4e39c46ca29c449c0bf -> 
  custom:scripting/monoscript/fileName/ChromaKey_BgColor.cs: ff79c54091a384a9f17d041e8b86dbef -> 
  custom:scripting/monoscript/fileName/WebCamPlayer.cs: ab9e6743a178280f9b1cb7fb2502280a -> 
  custom:container-muxer-webm: aa71ff27fc2769a1b78a27578f13a17b -> 
  custom:video-decoder-webm-vp8: 9c59270c3fd7afecdb556c50c9e8de78 -> 
  custom:scripting/monoscript/fileName/TargetRenderBaseEditor.cs: 884e2c9ba1f4c591a4be3b16e94fba5e -> 
  custom:SearchIndexIgnoredProperties: e643bd26f0fe6173181afceb89e7c659 -> 
  custom:AudioImporter_EditorPlatform: d09bf68614088b80899f8185d706f6e7 -> 
  custom:scripting/monoscript/fileName/FilterBrightness.cs: 3963794dd0d8c56a4d79f9d946364063 -> 
  custom:scripting/monoscript/fileName/MaskAlpha_Expert.cs: 9616cb22e95c50199495781447fa1e41 -> 
  custom:video-encoder-webm-vp8: eb34c28f22e8b96e1ab97ce403110664 -> 
  custom:audio-decoder-ogg-vorbis: bf7c407c2cedff20999df2af8eb42d56 -> 
  custom:scripting/monoscript/fileName/MaskAlpha_General.cs: eb48cce8dcc2d35737c4ec6ed20b1cc8 -> 
  custom:scripting/monoscript/fileName/WebCamStream.cs: 19da22c49c5df13f4dbdd979aad08efe -> 
  custom:scripting/monoscript/fileName/MSKBridgeWebCamPlayer.cs: c53fa13a9caf37fb3c221b4295873159 -> 
  custom:scripting/monoscript/fileName/MSKBridgeImage.cs: 45cffc4173ef79ea83298d852a467f5f -> 
  custom:audio-encoder-webm-vorbis: bf7c407c2cedff20999df2af8eb42d56 -> 
  custom:scripting/precompiled-assembly-types:Assembly-CSharp-Editor: a4afda7cddc5399c2adf3022dc9786b9 -> c43ab9b87697be09138a4d4ef369a2f4
  custom:scripting/monoscript/fileName/TargetRenderBase.cs: ede1e7ffe26e2bdaf1178000003a7cde -> 
  custom:scripting/monoscript/fileName/ChromaKey_Alpha_General.cs: 385319fb4a7056c216e19b2e8fd2d993 -> 
  custom:scripting/precompiled-assembly-types:Assembly-CSharp: fd4aa9dcc385f23025957af40729474f -> 019be45a1fb25a17605dd275f0018009
  custom:scripting/monoscript/fileName/MSKComponentBase.cs: 2ccbbe283ec48eefd1aeb9b05e8e9b5c -> 
  custom:scripting/monoscript/fileName/ChromaKey_BgTex.cs: 31d8b6121d339249db5b6b74f6e2ed5a -> 
  custom:scripting/monoscript/fileName/ChromaKey_Alpha_Simple.cs: 41af4aec3871671be2e3d1e6e2beb3fa -> 
========================================================================
Received Prepare
Caller must complete domain reload
Begin MonoManager ReloadAssembly
- Loaded All Assemblies, in  0.331 seconds
Native extension for WindowsStandalone target not found
Native extension for Android target not found
Native extension for WebGL target not found
Mono: successfully reloaded assembly
- Finished resetting the current domain, in  0.584 seconds
Domain Reload Profiling: 913ms
	BeginReloadAssembly (114ms)
		ExecutionOrderSort (0ms)
		DisableScriptedObjects (4ms)
		BackupInstance (0ms)
		ReleaseScriptingObjects (0ms)
		CreateAndSetChildDomain (24ms)
	RebuildCommonClasses (25ms)
	RebuildNativeTypeToScriptingClass (8ms)
	initialDomainReloadingComplete (21ms)
	LoadAllAssembliesAndSetupDomain (161ms)
		LoadAssemblies (206ms)
		RebuildTransferFunctionScriptingTraits (0ms)
		AnalyzeDomain (14ms)
			TypeCache.Refresh (5ms)
				TypeCache.ScanAssembly (0ms)
			ScanForSourceGeneratedMonoScriptInfo (0ms)
			ResolveRequiredComponents (6ms)
	FinalizeReload (584ms)
		ReleaseScriptCaches (0ms)
		RebuildScriptCaches (0ms)
		SetupLoadedEditorAssemblies (295ms)
			LogAssemblyErrors (0ms)
			InitializePlatformSupportModulesInManaged (13ms)
			SetLoadedEditorAssemblies (2ms)
			RefreshPlugins (0ms)
			BeforeProcessingInitializeOnLoad (44ms)
			ProcessInitializeOnLoadAttributes (217ms)
			ProcessInitializeOnLoadMethodAttributes (15ms)
			AfterProcessingInitializeOnLoad (3ms)
			EditorAssembliesLoaded (0ms)
		ExecutionOrderSort2 (0ms)
		AwakeInstancesAfterBackupRestoration (4ms)
Refreshing native plugins compatible for Editor in 8.10 ms, found 14 plugins.
Preloading 0 native plugins for Editor in 0.00 ms.
Unloading 3863 Unused Serialized files (Serialized files now loaded: 0)
Unloading 62 unused Assets / (1.2 MB). Loaded Objects now: 4494.
Memory consumption went from 153.5 MB to 152.3 MB.
Total: 3.094000 ms (FindLiveObjects: 0.228800 ms CreateObjectMapping: 0.096300 ms MarkObjects: 2.271000 ms  DeleteObjects: 0.497200 ms)

Prepare: number of updated asset objects reloaded= 0
AssetImportParameters requested are different than current active one (requested -> active):
  custom:scripting/monoscript/fileName/FilterHue.cs: e11ebd1453f02006250532b8fc94401c -> 
  custom:scripting/monoscript/fileName/MaskAlpha_Simple.cs: 998d43c9fe4b6e28b49b302d9d2322c2 -> 
  custom:container-demuxer-ogg: 62fdf1f143b41e24485cea50d1cbac27 -> 
  custom:scripting/monoscript/fileName/Blur_General.cs: 8a0b661ffd1541e6ad3f246c6bdf6064 -> 
  custom:video-codec-MediaFoundation-h265: 746d11721c4dcdbdad8f713fa42b33f4 -> 
  custom:scripting/monoscript/fileName/FilterColor.cs: c7e03c267eff691012097878712f515f -> 
  custom:scripting/monoscript/fileName/WebCamStreamEditor.cs: 7ff0789dcbf9f051a9d8ec846158e2ba -> 
  custom:scripting/monoscript/fileName/FilterSaturation.cs: b7fec0f5c8362c4fb90fef7a3cd95114 -> 
  custom:video-decoder-ogg-theora: a1e56fd34408186e4bbccfd4996cb3dc -> 
  custom:framework-win-MediaFoundation: 216162199b28c13a410421893ffa2e32 -> 
  custom:scripting/monoscript/fileName/MSKController.cs: 329a38633d303c82e33ccda6c4b8945a -> 
  custom:scripting/monoscript/fileName/MSKControllerBase.cs: 3b3131690c1a2a5da542c610dd707e72 -> 
  custom:scripting/monoscript/fileName/MSKComponentBaseEditor.cs: 275a867f4c36146f6835259c27f4cc86 -> 
  custom:scripting/monoscript/fileName/MSKBridgeVideoPlayer.cs: 23ea9b98c8be82ba4011ee7c365782d5 -> 
  custom:CustomObjectIndexerAttribute: 9a22284fe3817be447336de3de66b15e -> 
  custom:scripting/monoscript/fileName/Blur_Simple.cs: 5b27881231d30e40969fe8a37b137bf8 -> 
  custom:scripting/monoscript/fileName/FilterContrast.cs: d6b3142fb580fa91da192f89b59a7efd -> 
  custom:scripting/monoscript/fileName/RenderTextureUtils.cs: 849547b237b0fb8e05adbc3d875f3e0a -> 
  custom:container-demuxer-webm: 4f35f7cbe854078d1ac9338744f61a02 -> 
  custom:scripting/monoscript/fileName/WebCamPlayerEditor.cs: 35fa70d5472cf4ed2a09ed8841245a40 -> 
  custom:scripting/monoscript/fileName/FilterHSBC.cs: abed7363c28ab4e39c46ca29c449c0bf -> 
  custom:scripting/monoscript/fileName/ChromaKey_BgColor.cs: ff79c54091a384a9f17d041e8b86dbef -> 
  custom:scripting/monoscript/fileName/WebCamPlayer.cs: ab9e6743a178280f9b1cb7fb2502280a -> 
  custom:container-muxer-webm: aa71ff27fc2769a1b78a27578f13a17b -> 
  custom:video-decoder-webm-vp8: 9c59270c3fd7afecdb556c50c9e8de78 -> 
  custom:scripting/monoscript/fileName/TargetRenderBaseEditor.cs: 884e2c9ba1f4c591a4be3b16e94fba5e -> 
  custom:SearchIndexIgnoredProperties: e643bd26f0fe6173181afceb89e7c659 -> 
  custom:AudioImporter_EditorPlatform: d09bf68614088b80899f8185d706f6e7 -> 
  custom:scripting/monoscript/fileName/FilterBrightness.cs: 3963794dd0d8c56a4d79f9d946364063 -> 
  custom:scripting/monoscript/fileName/MaskAlpha_Expert.cs: 9616cb22e95c50199495781447fa1e41 -> 
  custom:video-encoder-webm-vp8: eb34c28f22e8b96e1ab97ce403110664 -> 
  custom:audio-decoder-ogg-vorbis: bf7c407c2cedff20999df2af8eb42d56 -> 
  custom:scripting/monoscript/fileName/MaskAlpha_General.cs: eb48cce8dcc2d35737c4ec6ed20b1cc8 -> 
  custom:scripting/monoscript/fileName/WebCamStream.cs: 19da22c49c5df13f4dbdd979aad08efe -> 
  custom:scripting/monoscript/fileName/MSKBridgeWebCamPlayer.cs: c53fa13a9caf37fb3c221b4295873159 -> 
  custom:scripting/monoscript/fileName/MSKBridgeImage.cs: 45cffc4173ef79ea83298d852a467f5f -> 
  custom:audio-encoder-webm-vorbis: bf7c407c2cedff20999df2af8eb42d56 -> 
  custom:scripting/precompiled-assembly-types:Assembly-CSharp-Editor: a4afda7cddc5399c2adf3022dc9786b9 -> c43ab9b87697be09138a4d4ef369a2f4
  custom:scripting/monoscript/fileName/TargetRenderBase.cs: ede1e7ffe26e2bdaf1178000003a7cde -> 
  custom:scripting/monoscript/fileName/ChromaKey_Alpha_General.cs: 385319fb4a7056c216e19b2e8fd2d993 -> 
  custom:scripting/precompiled-assembly-types:Assembly-CSharp: fd4aa9dcc385f23025957af40729474f -> 019be45a1fb25a17605dd275f0018009
  custom:scripting/monoscript/fileName/MSKComponentBase.cs: 2ccbbe283ec48eefd1aeb9b05e8e9b5c -> 
  custom:scripting/monoscript/fileName/ChromaKey_BgTex.cs: 31d8b6121d339249db5b6b74f6e2ed5a -> 
  custom:scripting/monoscript/fileName/ChromaKey_Alpha_Simple.cs: 41af4aec3871671be2e3d1e6e2beb3fa -> 
========================================================================
Received Prepare
Caller must complete domain reload
Begin MonoManager ReloadAssembly
- Loaded All Assemblies, in  0.330 seconds
Native extension for WindowsStandalone target not found
Native extension for Android target not found
Native extension for WebGL target not found
Mono: successfully reloaded assembly
- Finished resetting the current domain, in  0.573 seconds
Domain Reload Profiling: 903ms
	BeginReloadAssembly (112ms)
		ExecutionOrderSort (0ms)
		DisableScriptedObjects (3ms)
		BackupInstance (0ms)
		ReleaseScriptingObjects (0ms)
		CreateAndSetChildDomain (23ms)
	RebuildCommonClasses (23ms)
	RebuildNativeTypeToScriptingClass (8ms)
	initialDomainReloadingComplete (21ms)
	LoadAllAssembliesAndSetupDomain (164ms)
		LoadAssemblies (209ms)
		RebuildTransferFunctionScriptingTraits (0ms)
		AnalyzeDomain (14ms)
			TypeCache.Refresh (6ms)
				TypeCache.ScanAssembly (0ms)
			ScanForSourceGeneratedMonoScriptInfo (0ms)
			ResolveRequiredComponents (6ms)
	FinalizeReload (574ms)
		ReleaseScriptCaches (0ms)
		RebuildScriptCaches (0ms)
		SetupLoadedEditorAssemblies (283ms)
			LogAssemblyErrors (0ms)
			InitializePlatformSupportModulesInManaged (13ms)
			SetLoadedEditorAssemblies (2ms)
			RefreshPlugins (0ms)
			BeforeProcessingInitializeOnLoad (41ms)
			ProcessInitializeOnLoadAttributes (207ms)
			ProcessInitializeOnLoadMethodAttributes (15ms)
			AfterProcessingInitializeOnLoad (4ms)
			EditorAssembliesLoaded (0ms)
		ExecutionOrderSort2 (0ms)
		AwakeInstancesAfterBackupRestoration (5ms)
Refreshing native plugins compatible for Editor in 7.23 ms, found 14 plugins.
Preloading 0 native plugins for Editor in 0.00 ms.
Unloading 3863 Unused Serialized files (Serialized files now loaded: 0)
Unloading 62 unused Assets / (1.2 MB). Loaded Objects now: 4498.
Memory consumption went from 153.5 MB to 152.3 MB.
Total: 3.067700 ms (FindLiveObjects: 0.250100 ms CreateObjectMapping: 0.131700 ms MarkObjects: 2.180300 ms  DeleteObjects: 0.504800 ms)

Prepare: number of updated asset objects reloaded= 0
AssetImportParameters requested are different than current active one (requested -> active):
  custom:scripting/monoscript/fileName/FilterHue.cs: e11ebd1453f02006250532b8fc94401c -> 
  custom:scripting/monoscript/fileName/MaskAlpha_Simple.cs: 998d43c9fe4b6e28b49b302d9d2322c2 -> 
  custom:container-demuxer-ogg: 62fdf1f143b41e24485cea50d1cbac27 -> 
  custom:scripting/monoscript/fileName/Blur_General.cs: 8a0b661ffd1541e6ad3f246c6bdf6064 -> 
  custom:video-codec-MediaFoundation-h265: 746d11721c4dcdbdad8f713fa42b33f4 -> 
  custom:scripting/monoscript/fileName/FilterColor.cs: c7e03c267eff691012097878712f515f -> 
  custom:scripting/monoscript/fileName/WebCamStreamEditor.cs: 7ff0789dcbf9f051a9d8ec846158e2ba -> 
  custom:scripting/monoscript/fileName/FilterSaturation.cs: b7fec0f5c8362c4fb90fef7a3cd95114 -> 
  custom:video-decoder-ogg-theora: a1e56fd34408186e4bbccfd4996cb3dc -> 
  custom:framework-win-MediaFoundation: 216162199b28c13a410421893ffa2e32 -> 
  custom:scripting/monoscript/fileName/MSKController.cs: 329a38633d303c82e33ccda6c4b8945a -> 
  custom:scripting/monoscript/fileName/MSKControllerBase.cs: 3b3131690c1a2a5da542c610dd707e72 -> 
  custom:scripting/monoscript/fileName/MSKComponentBaseEditor.cs: 275a867f4c36146f6835259c27f4cc86 -> 
  custom:scripting/monoscript/fileName/MSKBridgeVideoPlayer.cs: 23ea9b98c8be82ba4011ee7c365782d5 -> 
  custom:CustomObjectIndexerAttribute: 9a22284fe3817be447336de3de66b15e -> 
  custom:scripting/monoscript/fileName/Blur_Simple.cs: 5b27881231d30e40969fe8a37b137bf8 -> 
  custom:scripting/monoscript/fileName/FilterContrast.cs: d6b3142fb580fa91da192f89b59a7efd -> 
  custom:scripting/monoscript/fileName/RenderTextureUtils.cs: 849547b237b0fb8e05adbc3d875f3e0a -> 
  custom:container-demuxer-webm: 4f35f7cbe854078d1ac9338744f61a02 -> 
  custom:scripting/monoscript/fileName/WebCamPlayerEditor.cs: 35fa70d5472cf4ed2a09ed8841245a40 -> 
  custom:scripting/monoscript/fileName/FilterHSBC.cs: abed7363c28ab4e39c46ca29c449c0bf -> 
  custom:scripting/monoscript/fileName/ChromaKey_BgColor.cs: ff79c54091a384a9f17d041e8b86dbef -> 
  custom:scripting/monoscript/fileName/WebCamPlayer.cs: ab9e6743a178280f9b1cb7fb2502280a -> 
  custom:container-muxer-webm: aa71ff27fc2769a1b78a27578f13a17b -> 
  custom:video-decoder-webm-vp8: 9c59270c3fd7afecdb556c50c9e8de78 -> 
  custom:scripting/monoscript/fileName/TargetRenderBaseEditor.cs: 884e2c9ba1f4c591a4be3b16e94fba5e -> 
  custom:SearchIndexIgnoredProperties: e643bd26f0fe6173181afceb89e7c659 -> 
  custom:AudioImporter_EditorPlatform: d09bf68614088b80899f8185d706f6e7 -> 
  custom:scripting/monoscript/fileName/FilterBrightness.cs: 3963794dd0d8c56a4d79f9d946364063 -> 
  custom:scripting/monoscript/fileName/MaskAlpha_Expert.cs: 9616cb22e95c50199495781447fa1e41 -> 
  custom:video-encoder-webm-vp8: eb34c28f22e8b96e1ab97ce403110664 -> 
  custom:audio-decoder-ogg-vorbis: bf7c407c2cedff20999df2af8eb42d56 -> 
  custom:scripting/monoscript/fileName/MaskAlpha_General.cs: eb48cce8dcc2d35737c4ec6ed20b1cc8 -> 
  custom:scripting/monoscript/fileName/WebCamStream.cs: 19da22c49c5df13f4dbdd979aad08efe -> 
  custom:scripting/monoscript/fileName/MSKBridgeWebCamPlayer.cs: c53fa13a9caf37fb3c221b4295873159 -> 
  custom:scripting/monoscript/fileName/MSKBridgeImage.cs: 45cffc4173ef79ea83298d852a467f5f -> 
  custom:audio-encoder-webm-vorbis: bf7c407c2cedff20999df2af8eb42d56 -> 
  custom:scripting/precompiled-assembly-types:Assembly-CSharp-Editor: a4afda7cddc5399c2adf3022dc9786b9 -> c43ab9b87697be09138a4d4ef369a2f4
  custom:scripting/monoscript/fileName/TargetRenderBase.cs: ede1e7ffe26e2bdaf1178000003a7cde -> 
  custom:scripting/monoscript/fileName/ChromaKey_Alpha_General.cs: 385319fb4a7056c216e19b2e8fd2d993 -> 
  custom:scripting/precompiled-assembly-types:Assembly-CSharp: fd4aa9dcc385f23025957af40729474f -> 019be45a1fb25a17605dd275f0018009
  custom:scripting/monoscript/fileName/MSKComponentBase.cs: 2ccbbe283ec48eefd1aeb9b05e8e9b5c -> 
  custom:scripting/monoscript/fileName/ChromaKey_BgTex.cs: 31d8b6121d339249db5b6b74f6e2ed5a -> 
  custom:scripting/monoscript/fileName/ChromaKey_Alpha_Simple.cs: 41af4aec3871671be2e3d1e6e2beb3fa -> 
========================================================================
Received Prepare
Caller must complete domain reload
Begin MonoManager ReloadAssembly
- Loaded All Assemblies, in  0.327 seconds
Native extension for WindowsStandalone target not found
Native extension for Android target not found
Native extension for WebGL target not found
Mono: successfully reloaded assembly
- Finished resetting the current domain, in  0.579 seconds
Domain Reload Profiling: 904ms
	BeginReloadAssembly (112ms)
		ExecutionOrderSort (0ms)
		DisableScriptedObjects (4ms)
		BackupInstance (0ms)
		ReleaseScriptingObjects (0ms)
		CreateAndSetChildDomain (23ms)
	RebuildCommonClasses (23ms)
	RebuildNativeTypeToScriptingClass (7ms)
	initialDomainReloadingComplete (20ms)
	LoadAllAssembliesAndSetupDomain (162ms)
		LoadAssemblies (207ms)
		RebuildTransferFunctionScriptingTraits (0ms)
		AnalyzeDomain (13ms)
			TypeCache.Refresh (5ms)
				TypeCache.ScanAssembly (0ms)
			ScanForSourceGeneratedMonoScriptInfo (0ms)
			ResolveRequiredComponents (5ms)
	FinalizeReload (579ms)
		ReleaseScriptCaches (0ms)
		RebuildScriptCaches (0ms)
		SetupLoadedEditorAssemblies (285ms)
			LogAssemblyErrors (0ms)
			InitializePlatformSupportModulesInManaged (14ms)
			SetLoadedEditorAssemblies (2ms)
			RefreshPlugins (0ms)
			BeforeProcessingInitializeOnLoad (42ms)
			ProcessInitializeOnLoadAttributes (208ms)
			ProcessInitializeOnLoadMethodAttributes (15ms)
			AfterProcessingInitializeOnLoad (4ms)
			EditorAssembliesLoaded (0ms)
		ExecutionOrderSort2 (0ms)
		AwakeInstancesAfterBackupRestoration (5ms)
Refreshing native plugins compatible for Editor in 8.52 ms, found 14 plugins.
Preloading 0 native plugins for Editor in 0.00 ms.
Unloading 3863 Unused Serialized files (Serialized files now loaded: 0)
Unloading 62 unused Assets / (1.2 MB). Loaded Objects now: 4502.
Memory consumption went from 153.5 MB to 152.3 MB.
Total: 3.437200 ms (FindLiveObjects: 0.313200 ms CreateObjectMapping: 0.148000 ms MarkObjects: 2.469000 ms  DeleteObjects: 0.506100 ms)

Prepare: number of updated asset objects reloaded= 0
AssetImportParameters requested are different than current active one (requested -> active):
  custom:scripting/monoscript/fileName/FilterHue.cs: e11ebd1453f02006250532b8fc94401c -> 
  custom:scripting/monoscript/fileName/MaskAlpha_Simple.cs: 998d43c9fe4b6e28b49b302d9d2322c2 -> 
  custom:container-demuxer-ogg: 62fdf1f143b41e24485cea50d1cbac27 -> 
  custom:scripting/monoscript/fileName/Blur_General.cs: 8a0b661ffd1541e6ad3f246c6bdf6064 -> 
  custom:video-codec-MediaFoundation-h265: 746d11721c4dcdbdad8f713fa42b33f4 -> 
  custom:scripting/monoscript/fileName/FilterColor.cs: c7e03c267eff691012097878712f515f -> 
  custom:scripting/monoscript/fileName/WebCamStreamEditor.cs: 7ff0789dcbf9f051a9d8ec846158e2ba -> 
  custom:scripting/monoscript/fileName/FilterSaturation.cs: b7fec0f5c8362c4fb90fef7a3cd95114 -> 
  custom:video-decoder-ogg-theora: a1e56fd34408186e4bbccfd4996cb3dc -> 
  custom:framework-win-MediaFoundation: 216162199b28c13a410421893ffa2e32 -> 
  custom:scripting/monoscript/fileName/MSKController.cs: 329a38633d303c82e33ccda6c4b8945a -> 
  custom:scripting/monoscript/fileName/MSKControllerBase.cs: 3b3131690c1a2a5da542c610dd707e72 -> 
  custom:scripting/monoscript/fileName/MSKComponentBaseEditor.cs: 275a867f4c36146f6835259c27f4cc86 -> 
  custom:scripting/monoscript/fileName/MSKBridgeVideoPlayer.cs: 23ea9b98c8be82ba4011ee7c365782d5 -> 
  custom:CustomObjectIndexerAttribute: 9a22284fe3817be447336de3de66b15e -> 
  custom:scripting/monoscript/fileName/Blur_Simple.cs: 5b27881231d30e40969fe8a37b137bf8 -> 
  custom:scripting/monoscript/fileName/FilterContrast.cs: d6b3142fb580fa91da192f89b59a7efd -> 
  custom:scripting/monoscript/fileName/RenderTextureUtils.cs: 849547b237b0fb8e05adbc3d875f3e0a -> 
  custom:container-demuxer-webm: 4f35f7cbe854078d1ac9338744f61a02 -> 
  custom:scripting/monoscript/fileName/WebCamPlayerEditor.cs: 35fa70d5472cf4ed2a09ed8841245a40 -> 
  custom:scripting/monoscript/fileName/FilterHSBC.cs: abed7363c28ab4e39c46ca29c449c0bf -> 
  custom:scripting/monoscript/fileName/ChromaKey_BgColor.cs: ff79c54091a384a9f17d041e8b86dbef -> 
  custom:scripting/monoscript/fileName/WebCamPlayer.cs: ab9e6743a178280f9b1cb7fb2502280a -> 
  custom:container-muxer-webm: aa71ff27fc2769a1b78a27578f13a17b -> 
  custom:video-decoder-webm-vp8: 9c59270c3fd7afecdb556c50c9e8de78 -> 
  custom:scripting/monoscript/fileName/TargetRenderBaseEditor.cs: 884e2c9ba1f4c591a4be3b16e94fba5e -> 
  custom:SearchIndexIgnoredProperties: e643bd26f0fe6173181afceb89e7c659 -> 
  custom:AudioImporter_EditorPlatform: d09bf68614088b80899f8185d706f6e7 -> 
  custom:scripting/monoscript/fileName/FilterBrightness.cs: 3963794dd0d8c56a4d79f9d946364063 -> 
  custom:scripting/monoscript/fileName/MaskAlpha_Expert.cs: 9616cb22e95c50199495781447fa1e41 -> 
  custom:video-encoder-webm-vp8: eb34c28f22e8b96e1ab97ce403110664 -> 
  custom:audio-decoder-ogg-vorbis: bf7c407c2cedff20999df2af8eb42d56 -> 
  custom:scripting/monoscript/fileName/MaskAlpha_General.cs: eb48cce8dcc2d35737c4ec6ed20b1cc8 -> 
  custom:scripting/monoscript/fileName/WebCamStream.cs: 19da22c49c5df13f4dbdd979aad08efe -> 
  custom:scripting/monoscript/fileName/MSKBridgeWebCamPlayer.cs: c53fa13a9caf37fb3c221b4295873159 -> 
  custom:scripting/monoscript/fileName/MSKBridgeImage.cs: 45cffc4173ef79ea83298d852a467f5f -> 
  custom:audio-encoder-webm-vorbis: bf7c407c2cedff20999df2af8eb42d56 -> 
  custom:scripting/precompiled-assembly-types:Assembly-CSharp-Editor: a4afda7cddc5399c2adf3022dc9786b9 -> c43ab9b87697be09138a4d4ef369a2f4
  custom:scripting/monoscript/fileName/TargetRenderBase.cs: ede1e7ffe26e2bdaf1178000003a7cde -> 
  custom:scripting/monoscript/fileName/ChromaKey_Alpha_General.cs: 385319fb4a7056c216e19b2e8fd2d993 -> 
  custom:scripting/precompiled-assembly-types:Assembly-CSharp: fd4aa9dcc385f23025957af40729474f -> 019be45a1fb25a17605dd275f0018009
  custom:scripting/monoscript/fileName/MSKComponentBase.cs: 2ccbbe283ec48eefd1aeb9b05e8e9b5c -> 
  custom:scripting/monoscript/fileName/ChromaKey_BgTex.cs: 31d8b6121d339249db5b6b74f6e2ed5a -> 
  custom:scripting/monoscript/fileName/ChromaKey_Alpha_Simple.cs: 41af4aec3871671be2e3d1e6e2beb3fa -> 
========================================================================
Received Prepare
Caller must complete domain reload
Begin MonoManager ReloadAssembly
- Loaded All Assemblies, in  0.330 seconds
Native extension for WindowsStandalone target not found
Native extension for Android target not found
Native extension for WebGL target not found
Mono: successfully reloaded assembly
- Finished resetting the current domain, in  0.606 seconds
Domain Reload Profiling: 935ms
	BeginReloadAssembly (111ms)
		ExecutionOrderSort (0ms)
		DisableScriptedObjects (4ms)
		BackupInstance (0ms)
		ReleaseScriptingObjects (0ms)
		CreateAndSetChildDomain (21ms)
	RebuildCommonClasses (23ms)
	RebuildNativeTypeToScriptingClass (8ms)
	initialDomainReloadingComplete (21ms)
	LoadAllAssembliesAndSetupDomain (166ms)
		LoadAssemblies (210ms)
		RebuildTransferFunctionScriptingTraits (0ms)
		AnalyzeDomain (14ms)
			TypeCache.Refresh (6ms)
				TypeCache.ScanAssembly (0ms)
			ScanForSourceGeneratedMonoScriptInfo (0ms)
			ResolveRequiredComponents (6ms)
	FinalizeReload (606ms)
		ReleaseScriptCaches (0ms)
		RebuildScriptCaches (0ms)
		SetupLoadedEditorAssemblies (285ms)
			LogAssemblyErrors (0ms)
			InitializePlatformSupportModulesInManaged (12ms)
			SetLoadedEditorAssemblies (2ms)
			RefreshPlugins (0ms)
			BeforeProcessingInitializeOnLoad (41ms)
			ProcessInitializeOnLoadAttributes (211ms)
			ProcessInitializeOnLoadMethodAttributes (16ms)
			AfterProcessingInitializeOnLoad (3ms)
			EditorAssembliesLoaded (0ms)
		ExecutionOrderSort2 (0ms)
		AwakeInstancesAfterBackupRestoration (6ms)
Refreshing native plugins compatible for Editor in 8.95 ms, found 14 plugins.
Preloading 0 native plugins for Editor in 0.00 ms.
Unloading 3863 Unused Serialized files (Serialized files now loaded: 0)
Unloading 62 unused Assets / (1.2 MB). Loaded Objects now: 4506.
Memory consumption went from 153.5 MB to 152.3 MB.
Total: 3.769000 ms (FindLiveObjects: 0.376200 ms CreateObjectMapping: 0.116500 ms MarkObjects: 2.505300 ms  DeleteObjects: 0.770200 ms)

Prepare: number of updated asset objects reloaded= 0
AssetImportParameters requested are different than current active one (requested -> active):
  custom:scripting/monoscript/fileName/FilterHue.cs: e11ebd1453f02006250532b8fc94401c -> 
  custom:scripting/monoscript/fileName/MaskAlpha_Simple.cs: 998d43c9fe4b6e28b49b302d9d2322c2 -> 
  custom:container-demuxer-ogg: 62fdf1f143b41e24485cea50d1cbac27 -> 
  custom:scripting/monoscript/fileName/Blur_General.cs: 8a0b661ffd1541e6ad3f246c6bdf6064 -> 
  custom:video-codec-MediaFoundation-h265: 746d11721c4dcdbdad8f713fa42b33f4 -> 
  custom:scripting/monoscript/fileName/FilterColor.cs: c7e03c267eff691012097878712f515f -> 
  custom:scripting/monoscript/fileName/WebCamStreamEditor.cs: 7ff0789dcbf9f051a9d8ec846158e2ba -> 
  custom:scripting/monoscript/fileName/FilterSaturation.cs: b7fec0f5c8362c4fb90fef7a3cd95114 -> 
  custom:video-decoder-ogg-theora: a1e56fd34408186e4bbccfd4996cb3dc -> 
  custom:framework-win-MediaFoundation: 216162199b28c13a410421893ffa2e32 -> 
  custom:scripting/monoscript/fileName/MSKController.cs: 329a38633d303c82e33ccda6c4b8945a -> 
  custom:scripting/monoscript/fileName/MSKControllerBase.cs: 3b3131690c1a2a5da542c610dd707e72 -> 
  custom:scripting/monoscript/fileName/MSKComponentBaseEditor.cs: 275a867f4c36146f6835259c27f4cc86 -> 
  custom:scripting/monoscript/fileName/MSKBridgeVideoPlayer.cs: 23ea9b98c8be82ba4011ee7c365782d5 -> 
  custom:CustomObjectIndexerAttribute: 9a22284fe3817be447336de3de66b15e -> 
  custom:scripting/monoscript/fileName/Blur_Simple.cs: 5b27881231d30e40969fe8a37b137bf8 -> 
  custom:scripting/monoscript/fileName/FilterContrast.cs: d6b3142fb580fa91da192f89b59a7efd -> 
  custom:scripting/monoscript/fileName/RenderTextureUtils.cs: 849547b237b0fb8e05adbc3d875f3e0a -> 
  custom:container-demuxer-webm: 4f35f7cbe854078d1ac9338744f61a02 -> 
  custom:scripting/monoscript/fileName/WebCamPlayerEditor.cs: 35fa70d5472cf4ed2a09ed8841245a40 -> 
  custom:scripting/monoscript/fileName/FilterHSBC.cs: abed7363c28ab4e39c46ca29c449c0bf -> 
  custom:scripting/monoscript/fileName/ChromaKey_BgColor.cs: ff79c54091a384a9f17d041e8b86dbef -> 
  custom:scripting/monoscript/fileName/WebCamPlayer.cs: ab9e6743a178280f9b1cb7fb2502280a -> 
  custom:container-muxer-webm: aa71ff27fc2769a1b78a27578f13a17b -> 
  custom:video-decoder-webm-vp8: 9c59270c3fd7afecdb556c50c9e8de78 -> 
  custom:scripting/monoscript/fileName/TargetRenderBaseEditor.cs: 884e2c9ba1f4c591a4be3b16e94fba5e -> 
  custom:SearchIndexIgnoredProperties: e643bd26f0fe6173181afceb89e7c659 -> 
  custom:AudioImporter_EditorPlatform: d09bf68614088b80899f8185d706f6e7 -> 
  custom:scripting/monoscript/fileName/FilterBrightness.cs: 3963794dd0d8c56a4d79f9d946364063 -> 
  custom:scripting/monoscript/fileName/MaskAlpha_Expert.cs: 9616cb22e95c50199495781447fa1e41 -> 
  custom:video-encoder-webm-vp8: eb34c28f22e8b96e1ab97ce403110664 -> 
  custom:audio-decoder-ogg-vorbis: bf7c407c2cedff20999df2af8eb42d56 -> 
  custom:scripting/monoscript/fileName/MaskAlpha_General.cs: eb48cce8dcc2d35737c4ec6ed20b1cc8 -> 
  custom:scripting/monoscript/fileName/WebCamStream.cs: 19da22c49c5df13f4dbdd979aad08efe -> 
  custom:scripting/monoscript/fileName/MSKBridgeWebCamPlayer.cs: c53fa13a9caf37fb3c221b4295873159 -> 
  custom:scripting/monoscript/fileName/MSKBridgeImage.cs: 45cffc4173ef79ea83298d852a467f5f -> 
  custom:audio-encoder-webm-vorbis: bf7c407c2cedff20999df2af8eb42d56 -> 
  custom:scripting/precompiled-assembly-types:Assembly-CSharp-Editor: a4afda7cddc5399c2adf3022dc9786b9 -> c43ab9b87697be09138a4d4ef369a2f4
  custom:scripting/monoscript/fileName/TargetRenderBase.cs: ede1e7ffe26e2bdaf1178000003a7cde -> 
  custom:scripting/monoscript/fileName/ChromaKey_Alpha_General.cs: 385319fb4a7056c216e19b2e8fd2d993 -> 
  custom:scripting/precompiled-assembly-types:Assembly-CSharp: fd4aa9dcc385f23025957af40729474f -> 019be45a1fb25a17605dd275f0018009
  custom:scripting/monoscript/fileName/MSKComponentBase.cs: 2ccbbe283ec48eefd1aeb9b05e8e9b5c -> 
  custom:scripting/monoscript/fileName/ChromaKey_BgTex.cs: 31d8b6121d339249db5b6b74f6e2ed5a -> 
  custom:scripting/monoscript/fileName/ChromaKey_Alpha_Simple.cs: 41af4aec3871671be2e3d1e6e2beb3fa -> 
========================================================================
Received Prepare
Caller must complete domain reload
Begin MonoManager ReloadAssembly
- Loaded All Assemblies, in  0.324 seconds
Native extension for WindowsStandalone target not found
Native extension for Android target not found
Native extension for WebGL target not found
Mono: successfully reloaded assembly
- Finished resetting the current domain, in  0.551 seconds
Domain Reload Profiling: 874ms
	BeginReloadAssembly (106ms)
		ExecutionOrderSort (0ms)
		DisableScriptedObjects (4ms)
		BackupInstance (0ms)
		ReleaseScriptingObjects (0ms)
		CreateAndSetChildDomain (21ms)
	RebuildCommonClasses (28ms)
	RebuildNativeTypeToScriptingClass (7ms)
	initialDomainReloadingComplete (21ms)
	LoadAllAssembliesAndSetupDomain (161ms)
		LoadAssemblies (205ms)
		RebuildTransferFunctionScriptingTraits (0ms)
		AnalyzeDomain (13ms)
			TypeCache.Refresh (5ms)
				TypeCache.ScanAssembly (0ms)
			ScanForSourceGeneratedMonoScriptInfo (0ms)
			ResolveRequiredComponents (5ms)
	FinalizeReload (551ms)
		ReleaseScriptCaches (0ms)
		RebuildScriptCaches (0ms)
		SetupLoadedEditorAssemblies (270ms)
			LogAssemblyErrors (0ms)
			InitializePlatformSupportModulesInManaged (12ms)
			SetLoadedEditorAssemblies (2ms)
			RefreshPlugins (0ms)
			BeforeProcessingInitializeOnLoad (40ms)
			ProcessInitializeOnLoadAttributes (199ms)
			ProcessInitializeOnLoadMethodAttributes (14ms)
			AfterProcessingInitializeOnLoad (3ms)
			EditorAssembliesLoaded (0ms)
		ExecutionOrderSort2 (0ms)
		AwakeInstancesAfterBackupRestoration (5ms)
Refreshing native plugins compatible for Editor in 7.53 ms, found 14 plugins.
Preloading 0 native plugins for Editor in 0.00 ms.
Unloading 3863 Unused Serialized files (Serialized files now loaded: 0)
Unloading 62 unused Assets / (1.2 MB). Loaded Objects now: 4510.
Memory consumption went from 153.5 MB to 152.3 MB.
Total: 2.809800 ms (FindLiveObjects: 0.222600 ms CreateObjectMapping: 0.092200 ms MarkObjects: 1.987400 ms  DeleteObjects: 0.507000 ms)

Prepare: number of updated asset objects reloaded= 0
AssetImportParameters requested are different than current active one (requested -> active):
  custom:scripting/monoscript/fileName/FilterHue.cs: e11ebd1453f02006250532b8fc94401c -> 
  custom:scripting/monoscript/fileName/MaskAlpha_Simple.cs: 998d43c9fe4b6e28b49b302d9d2322c2 -> 
  custom:container-demuxer-ogg: 62fdf1f143b41e24485cea50d1cbac27 -> 
  custom:scripting/monoscript/fileName/Blur_General.cs: 8a0b661ffd1541e6ad3f246c6bdf6064 -> 
  custom:video-codec-MediaFoundation-h265: 746d11721c4dcdbdad8f713fa42b33f4 -> 
  custom:scripting/monoscript/fileName/FilterColor.cs: c7e03c267eff691012097878712f515f -> 
  custom:scripting/monoscript/fileName/WebCamStreamEditor.cs: 7ff0789dcbf9f051a9d8ec846158e2ba -> 
  custom:scripting/monoscript/fileName/FilterSaturation.cs: b7fec0f5c8362c4fb90fef7a3cd95114 -> 
  custom:video-decoder-ogg-theora: a1e56fd34408186e4bbccfd4996cb3dc -> 
  custom:framework-win-MediaFoundation: 216162199b28c13a410421893ffa2e32 -> 
  custom:scripting/monoscript/fileName/MSKController.cs: 329a38633d303c82e33ccda6c4b8945a -> 
  custom:scripting/monoscript/fileName/MSKControllerBase.cs: 3b3131690c1a2a5da542c610dd707e72 -> 
  custom:scripting/monoscript/fileName/MSKComponentBaseEditor.cs: 275a867f4c36146f6835259c27f4cc86 -> 
  custom:scripting/monoscript/fileName/MSKBridgeVideoPlayer.cs: 23ea9b98c8be82ba4011ee7c365782d5 -> 
  custom:CustomObjectIndexerAttribute: 9a22284fe3817be447336de3de66b15e -> 
  custom:scripting/monoscript/fileName/Blur_Simple.cs: 5b27881231d30e40969fe8a37b137bf8 -> 
  custom:scripting/monoscript/fileName/FilterContrast.cs: d6b3142fb580fa91da192f89b59a7efd -> 
  custom:scripting/monoscript/fileName/RenderTextureUtils.cs: 849547b237b0fb8e05adbc3d875f3e0a -> 
  custom:container-demuxer-webm: 4f35f7cbe854078d1ac9338744f61a02 -> 
  custom:scripting/monoscript/fileName/WebCamPlayerEditor.cs: 35fa70d5472cf4ed2a09ed8841245a40 -> 
  custom:scripting/monoscript/fileName/FilterHSBC.cs: abed7363c28ab4e39c46ca29c449c0bf -> 
  custom:scripting/monoscript/fileName/ChromaKey_BgColor.cs: ff79c54091a384a9f17d041e8b86dbef -> 
  custom:scripting/monoscript/fileName/WebCamPlayer.cs: ab9e6743a178280f9b1cb7fb2502280a -> 
  custom:container-muxer-webm: aa71ff27fc2769a1b78a27578f13a17b -> 
  custom:video-decoder-webm-vp8: 9c59270c3fd7afecdb556c50c9e8de78 -> 
  custom:scripting/monoscript/fileName/TargetRenderBaseEditor.cs: 884e2c9ba1f4c591a4be3b16e94fba5e -> 
  custom:SearchIndexIgnoredProperties: e643bd26f0fe6173181afceb89e7c659 -> 
  custom:AudioImporter_EditorPlatform: d09bf68614088b80899f8185d706f6e7 -> 
  custom:scripting/monoscript/fileName/FilterBrightness.cs: 3963794dd0d8c56a4d79f9d946364063 -> 
  custom:scripting/monoscript/fileName/MaskAlpha_Expert.cs: 9616cb22e95c50199495781447fa1e41 -> 
  custom:video-encoder-webm-vp8: eb34c28f22e8b96e1ab97ce403110664 -> 
  custom:audio-decoder-ogg-vorbis: bf7c407c2cedff20999df2af8eb42d56 -> 
  custom:scripting/monoscript/fileName/MaskAlpha_General.cs: eb48cce8dcc2d35737c4ec6ed20b1cc8 -> 
  custom:scripting/monoscript/fileName/WebCamStream.cs: 19da22c49c5df13f4dbdd979aad08efe -> 
  custom:scripting/monoscript/fileName/MSKBridgeWebCamPlayer.cs: c53fa13a9caf37fb3c221b4295873159 -> 
  custom:scripting/monoscript/fileName/MSKBridgeImage.cs: 45cffc4173ef79ea83298d852a467f5f -> 
  custom:audio-encoder-webm-vorbis: bf7c407c2cedff20999df2af8eb42d56 -> 
  custom:scripting/precompiled-assembly-types:Assembly-CSharp-Editor: a4afda7cddc5399c2adf3022dc9786b9 -> c43ab9b87697be09138a4d4ef369a2f4
  custom:scripting/monoscript/fileName/TargetRenderBase.cs: ede1e7ffe26e2bdaf1178000003a7cde -> 
  custom:scripting/monoscript/fileName/ChromaKey_Alpha_General.cs: 385319fb4a7056c216e19b2e8fd2d993 -> 
  custom:scripting/precompiled-assembly-types:Assembly-CSharp: fd4aa9dcc385f23025957af40729474f -> 019be45a1fb25a17605dd275f0018009
  custom:scripting/monoscript/fileName/MSKComponentBase.cs: 2ccbbe283ec48eefd1aeb9b05e8e9b5c -> 
  custom:scripting/monoscript/fileName/ChromaKey_BgTex.cs: 31d8b6121d339249db5b6b74f6e2ed5a -> 
  custom:scripting/monoscript/fileName/ChromaKey_Alpha_Simple.cs: 41af4aec3871671be2e3d1e6e2beb3fa -> 
========================================================================
Received Prepare
Caller must complete domain reload
Begin MonoManager ReloadAssembly
- Loaded All Assemblies, in  0.324 seconds
Native extension for WindowsStandalone target not found
Native extension for Android target not found
Native extension for WebGL target not found
Mono: successfully reloaded assembly
- Finished resetting the current domain, in  0.564 seconds
Domain Reload Profiling: 887ms
	BeginReloadAssembly (110ms)
		ExecutionOrderSort (0ms)
		DisableScriptedObjects (4ms)
		BackupInstance (0ms)
		ReleaseScriptingObjects (0ms)
		CreateAndSetChildDomain (21ms)
	RebuildCommonClasses (28ms)
	RebuildNativeTypeToScriptingClass (11ms)
	initialDomainReloadingComplete (20ms)
	LoadAllAssembliesAndSetupDomain (155ms)
		LoadAssemblies (203ms)
		RebuildTransferFunctionScriptingTraits (0ms)
		AnalyzeDomain (13ms)
			TypeCache.Refresh (5ms)
				TypeCache.ScanAssembly (0ms)
			ScanForSourceGeneratedMonoScriptInfo (0ms)
			ResolveRequiredComponents (6ms)
	FinalizeReload (564ms)
		ReleaseScriptCaches (0ms)
		RebuildScriptCaches (0ms)
		SetupLoadedEditorAssemblies (281ms)
			LogAssemblyErrors (0ms)
			InitializePlatformSupportModulesInManaged (16ms)
			SetLoadedEditorAssemblies (2ms)
			RefreshPlugins (0ms)
			BeforeProcessingInitializeOnLoad (41ms)
			ProcessInitializeOnLoadAttributes (203ms)
			ProcessInitializeOnLoadMethodAttributes (14ms)
			AfterProcessingInitializeOnLoad (4ms)
			EditorAssembliesLoaded (0ms)
		ExecutionOrderSort2 (0ms)
		AwakeInstancesAfterBackupRestoration (4ms)
Refreshing native plugins compatible for Editor in 7.28 ms, found 14 plugins.
Preloading 0 native plugins for Editor in 0.00 ms.
Unloading 3863 Unused Serialized files (Serialized files now loaded: 0)
Unloading 62 unused Assets / (1.2 MB). Loaded Objects now: 4514.
Memory consumption went from 153.5 MB to 152.3 MB.
Total: 2.908000 ms (FindLiveObjects: 0.237000 ms CreateObjectMapping: 0.095100 ms MarkObjects: 2.080500 ms  DeleteObjects: 0.494800 ms)

Prepare: number of updated asset objects reloaded= 0
AssetImportParameters requested are different than current active one (requested -> active):
  custom:scripting/monoscript/fileName/FilterHue.cs: e11ebd1453f02006250532b8fc94401c -> 
  custom:scripting/monoscript/fileName/MaskAlpha_Simple.cs: 998d43c9fe4b6e28b49b302d9d2322c2 -> 
  custom:container-demuxer-ogg: 62fdf1f143b41e24485cea50d1cbac27 -> 
  custom:scripting/monoscript/fileName/Blur_General.cs: 8a0b661ffd1541e6ad3f246c6bdf6064 -> 
  custom:video-codec-MediaFoundation-h265: 746d11721c4dcdbdad8f713fa42b33f4 -> 
  custom:scripting/monoscript/fileName/FilterColor.cs: c7e03c267eff691012097878712f515f -> 
  custom:scripting/monoscript/fileName/WebCamStreamEditor.cs: 7ff0789dcbf9f051a9d8ec846158e2ba -> 
  custom:scripting/monoscript/fileName/FilterSaturation.cs: b7fec0f5c8362c4fb90fef7a3cd95114 -> 
  custom:video-decoder-ogg-theora: a1e56fd34408186e4bbccfd4996cb3dc -> 
  custom:framework-win-MediaFoundation: 216162199b28c13a410421893ffa2e32 -> 
  custom:scripting/monoscript/fileName/MSKController.cs: 329a38633d303c82e33ccda6c4b8945a -> 
  custom:scripting/monoscript/fileName/MSKControllerBase.cs: 3b3131690c1a2a5da542c610dd707e72 -> 
  custom:scripting/monoscript/fileName/MSKComponentBaseEditor.cs: 275a867f4c36146f6835259c27f4cc86 -> 
  custom:scripting/monoscript/fileName/MSKBridgeVideoPlayer.cs: 23ea9b98c8be82ba4011ee7c365782d5 -> 
  custom:CustomObjectIndexerAttribute: 9a22284fe3817be447336de3de66b15e -> 
  custom:scripting/monoscript/fileName/Blur_Simple.cs: 5b27881231d30e40969fe8a37b137bf8 -> 
  custom:scripting/monoscript/fileName/FilterContrast.cs: d6b3142fb580fa91da192f89b59a7efd -> 
  custom:scripting/monoscript/fileName/RenderTextureUtils.cs: 849547b237b0fb8e05adbc3d875f3e0a -> 
  custom:container-demuxer-webm: 4f35f7cbe854078d1ac9338744f61a02 -> 
  custom:scripting/monoscript/fileName/WebCamPlayerEditor.cs: 35fa70d5472cf4ed2a09ed8841245a40 -> 
  custom:scripting/monoscript/fileName/FilterHSBC.cs: abed7363c28ab4e39c46ca29c449c0bf -> 
  custom:scripting/monoscript/fileName/ChromaKey_BgColor.cs: ff79c54091a384a9f17d041e8b86dbef -> 
  custom:scripting/monoscript/fileName/WebCamPlayer.cs: ab9e6743a178280f9b1cb7fb2502280a -> 
  custom:container-muxer-webm: aa71ff27fc2769a1b78a27578f13a17b -> 
  custom:video-decoder-webm-vp8: 9c59270c3fd7afecdb556c50c9e8de78 -> 
  custom:scripting/monoscript/fileName/TargetRenderBaseEditor.cs: 884e2c9ba1f4c591a4be3b16e94fba5e -> 
  custom:SearchIndexIgnoredProperties: e643bd26f0fe6173181afceb89e7c659 -> 
  custom:AudioImporter_EditorPlatform: d09bf68614088b80899f8185d706f6e7 -> 
  custom:scripting/monoscript/fileName/FilterBrightness.cs: 3963794dd0d8c56a4d79f9d946364063 -> 
  custom:scripting/monoscript/fileName/MaskAlpha_Expert.cs: 9616cb22e95c50199495781447fa1e41 -> 
  custom:video-encoder-webm-vp8: eb34c28f22e8b96e1ab97ce403110664 -> 
  custom:audio-decoder-ogg-vorbis: bf7c407c2cedff20999df2af8eb42d56 -> 
  custom:scripting/monoscript/fileName/MaskAlpha_General.cs: eb48cce8dcc2d35737c4ec6ed20b1cc8 -> 
  custom:scripting/monoscript/fileName/WebCamStream.cs: 19da22c49c5df13f4dbdd979aad08efe -> 
  custom:scripting/monoscript/fileName/MSKBridgeWebCamPlayer.cs: c53fa13a9caf37fb3c221b4295873159 -> 
  custom:scripting/monoscript/fileName/MSKBridgeImage.cs: 45cffc4173ef79ea83298d852a467f5f -> 
  custom:audio-encoder-webm-vorbis: bf7c407c2cedff20999df2af8eb42d56 -> 
  custom:scripting/precompiled-assembly-types:Assembly-CSharp-Editor: a4afda7cddc5399c2adf3022dc9786b9 -> c43ab9b87697be09138a4d4ef369a2f4
  custom:scripting/monoscript/fileName/TargetRenderBase.cs: ede1e7ffe26e2bdaf1178000003a7cde -> 
  custom:scripting/monoscript/fileName/ChromaKey_Alpha_General.cs: 385319fb4a7056c216e19b2e8fd2d993 -> 
  custom:scripting/precompiled-assembly-types:Assembly-CSharp: fd4aa9dcc385f23025957af40729474f -> 019be45a1fb25a17605dd275f0018009
  custom:scripting/monoscript/fileName/MSKComponentBase.cs: 2ccbbe283ec48eefd1aeb9b05e8e9b5c -> 
  custom:scripting/monoscript/fileName/ChromaKey_BgTex.cs: 31d8b6121d339249db5b6b74f6e2ed5a -> 
  custom:scripting/monoscript/fileName/ChromaKey_Alpha_Simple.cs: 41af4aec3871671be2e3d1e6e2beb3fa -> 
========================================================================
Received Prepare
Caller must complete domain reload
Begin MonoManager ReloadAssembly
- Loaded All Assemblies, in  0.318 seconds
Native extension for WindowsStandalone target not found
Native extension for Android target not found
Native extension for WebGL target not found
Mono: successfully reloaded assembly
- Finished resetting the current domain, in  0.562 seconds
Domain Reload Profiling: 880ms
	BeginReloadAssembly (107ms)
		ExecutionOrderSort (0ms)
		DisableScriptedObjects (4ms)
		BackupInstance (0ms)
		ReleaseScriptingObjects (0ms)
		CreateAndSetChildDomain (22ms)
	RebuildCommonClasses (24ms)
	RebuildNativeTypeToScriptingClass (8ms)
	initialDomainReloadingComplete (20ms)
	LoadAllAssembliesAndSetupDomain (158ms)
		LoadAssemblies (200ms)
		RebuildTransferFunctionScriptingTraits (0ms)
		AnalyzeDomain (14ms)
			TypeCache.Refresh (6ms)
				TypeCache.ScanAssembly (0ms)
			ScanForSourceGeneratedMonoScriptInfo (0ms)
			ResolveRequiredComponents (6ms)
	FinalizeReload (563ms)
		ReleaseScriptCaches (0ms)
		RebuildScriptCaches (0ms)
		SetupLoadedEditorAssemblies (281ms)
			LogAssemblyErrors (0ms)
			InitializePlatformSupportModulesInManaged (13ms)
			SetLoadedEditorAssemblies (2ms)
			RefreshPlugins (0ms)
			BeforeProcessingInitializeOnLoad (40ms)
			ProcessInitializeOnLoadAttributes (205ms)
			ProcessInitializeOnLoadMethodAttributes (16ms)
			AfterProcessingInitializeOnLoad (4ms)
			EditorAssembliesLoaded (0ms)
		ExecutionOrderSort2 (0ms)
		AwakeInstancesAfterBackupRestoration (6ms)
Refreshing native plugins compatible for Editor in 9.68 ms, found 14 plugins.
Preloading 0 native plugins for Editor in 0.00 ms.
Unloading 3863 Unused Serialized files (Serialized files now loaded: 0)
Unloading 62 unused Assets / (1.2 MB). Loaded Objects now: 4518.
Memory consumption went from 153.5 MB to 152.3 MB.
Total: 2.809100 ms (FindLiveObjects: 0.228100 ms CreateObjectMapping: 0.102700 ms MarkObjects: 1.941800 ms  DeleteObjects: 0.535700 ms)

Prepare: number of updated asset objects reloaded= 0
AssetImportParameters requested are different than current active one (requested -> active):
  custom:scripting/monoscript/fileName/FilterHue.cs: e11ebd1453f02006250532b8fc94401c -> 
  custom:scripting/monoscript/fileName/MaskAlpha_Simple.cs: 998d43c9fe4b6e28b49b302d9d2322c2 -> 
  custom:container-demuxer-ogg: 62fdf1f143b41e24485cea50d1cbac27 -> 
  custom:scripting/monoscript/fileName/Blur_General.cs: 8a0b661ffd1541e6ad3f246c6bdf6064 -> 
  custom:video-codec-MediaFoundation-h265: 746d11721c4dcdbdad8f713fa42b33f4 -> 
  custom:scripting/monoscript/fileName/FilterColor.cs: c7e03c267eff691012097878712f515f -> 
  custom:scripting/monoscript/fileName/WebCamStreamEditor.cs: 7ff0789dcbf9f051a9d8ec846158e2ba -> 
  custom:scripting/monoscript/fileName/FilterSaturation.cs: b7fec0f5c8362c4fb90fef7a3cd95114 -> 
  custom:video-decoder-ogg-theora: a1e56fd34408186e4bbccfd4996cb3dc -> 
  custom:framework-win-MediaFoundation: 216162199b28c13a410421893ffa2e32 -> 
  custom:scripting/monoscript/fileName/MSKController.cs: 329a38633d303c82e33ccda6c4b8945a -> 
  custom:scripting/monoscript/fileName/MSKControllerBase.cs: 3b3131690c1a2a5da542c610dd707e72 -> 
  custom:scripting/monoscript/fileName/MSKComponentBaseEditor.cs: 275a867f4c36146f6835259c27f4cc86 -> 
  custom:scripting/monoscript/fileName/MSKBridgeVideoPlayer.cs: 23ea9b98c8be82ba4011ee7c365782d5 -> 
  custom:CustomObjectIndexerAttribute: 9a22284fe3817be447336de3de66b15e -> 
  custom:scripting/monoscript/fileName/Blur_Simple.cs: 5b27881231d30e40969fe8a37b137bf8 -> 
  custom:scripting/monoscript/fileName/FilterContrast.cs: d6b3142fb580fa91da192f89b59a7efd -> 
  custom:scripting/monoscript/fileName/RenderTextureUtils.cs: 849547b237b0fb8e05adbc3d875f3e0a -> 
  custom:container-demuxer-webm: 4f35f7cbe854078d1ac9338744f61a02 -> 
  custom:scripting/monoscript/fileName/WebCamPlayerEditor.cs: 35fa70d5472cf4ed2a09ed8841245a40 -> 
  custom:scripting/monoscript/fileName/FilterHSBC.cs: abed7363c28ab4e39c46ca29c449c0bf -> 
  custom:scripting/monoscript/fileName/ChromaKey_BgColor.cs: ff79c54091a384a9f17d041e8b86dbef -> 
  custom:scripting/monoscript/fileName/WebCamPlayer.cs: ab9e6743a178280f9b1cb7fb2502280a -> 
  custom:container-muxer-webm: aa71ff27fc2769a1b78a27578f13a17b -> 
  custom:video-decoder-webm-vp8: 9c59270c3fd7afecdb556c50c9e8de78 -> 
  custom:scripting/monoscript/fileName/TargetRenderBaseEditor.cs: 884e2c9ba1f4c591a4be3b16e94fba5e -> 
  custom:SearchIndexIgnoredProperties: e643bd26f0fe6173181afceb89e7c659 -> 
  custom:AudioImporter_EditorPlatform: d09bf68614088b80899f8185d706f6e7 -> 
  custom:scripting/monoscript/fileName/FilterBrightness.cs: 3963794dd0d8c56a4d79f9d946364063 -> 
  custom:scripting/monoscript/fileName/MaskAlpha_Expert.cs: 9616cb22e95c50199495781447fa1e41 -> 
  custom:video-encoder-webm-vp8: eb34c28f22e8b96e1ab97ce403110664 -> 
  custom:audio-decoder-ogg-vorbis: bf7c407c2cedff20999df2af8eb42d56 -> 
  custom:scripting/monoscript/fileName/MaskAlpha_General.cs: eb48cce8dcc2d35737c4ec6ed20b1cc8 -> 
  custom:scripting/monoscript/fileName/WebCamStream.cs: 19da22c49c5df13f4dbdd979aad08efe -> 
  custom:scripting/monoscript/fileName/MSKBridgeWebCamPlayer.cs: c53fa13a9caf37fb3c221b4295873159 -> 
  custom:scripting/monoscript/fileName/MSKBridgeImage.cs: 45cffc4173ef79ea83298d852a467f5f -> 
  custom:audio-encoder-webm-vorbis: bf7c407c2cedff20999df2af8eb42d56 -> 
  custom:scripting/precompiled-assembly-types:Assembly-CSharp-Editor: a4afda7cddc5399c2adf3022dc9786b9 -> c43ab9b87697be09138a4d4ef369a2f4
  custom:scripting/monoscript/fileName/TargetRenderBase.cs: ede1e7ffe26e2bdaf1178000003a7cde -> 
  custom:scripting/monoscript/fileName/ChromaKey_Alpha_General.cs: 385319fb4a7056c216e19b2e8fd2d993 -> 
  custom:scripting/precompiled-assembly-types:Assembly-CSharp: fd4aa9dcc385f23025957af40729474f -> 019be45a1fb25a17605dd275f0018009
  custom:scripting/monoscript/fileName/MSKComponentBase.cs: 2ccbbe283ec48eefd1aeb9b05e8e9b5c -> 
  custom:scripting/monoscript/fileName/ChromaKey_BgTex.cs: 31d8b6121d339249db5b6b74f6e2ed5a -> 
  custom:scripting/monoscript/fileName/ChromaKey_Alpha_Simple.cs: 41af4aec3871671be2e3d1e6e2beb3fa -> 
========================================================================
Received Prepare
Caller must complete domain reload
Begin MonoManager ReloadAssembly
- Loaded All Assemblies, in  0.339 seconds
Native extension for WindowsStandalone target not found
Native extension for Android target not found
Native extension for WebGL target not found
Mono: successfully reloaded assembly
- Finished resetting the current domain, in  0.627 seconds
Domain Reload Profiling: 965ms
	BeginReloadAssembly (116ms)
		ExecutionOrderSort (0ms)
		DisableScriptedObjects (4ms)
		BackupInstance (0ms)
		ReleaseScriptingObjects (0ms)
		CreateAndSetChildDomain (24ms)
	RebuildCommonClasses (29ms)
	RebuildNativeTypeToScriptingClass (7ms)
	initialDomainReloadingComplete (27ms)
	LoadAllAssembliesAndSetupDomain (158ms)
		LoadAssemblies (204ms)
		RebuildTransferFunctionScriptingTraits (0ms)
		AnalyzeDomain (15ms)
			TypeCache.Refresh (7ms)
				TypeCache.ScanAssembly (0ms)
			ScanForSourceGeneratedMonoScriptInfo (0ms)
			ResolveRequiredComponents (5ms)
	FinalizeReload (628ms)
		ReleaseScriptCaches (0ms)
		RebuildScriptCaches (0ms)
		SetupLoadedEditorAssemblies (301ms)
			LogAssemblyErrors (0ms)
			InitializePlatformSupportModulesInManaged (14ms)
			SetLoadedEditorAssemblies (2ms)
			RefreshPlugins (0ms)
			BeforeProcessingInitializeOnLoad (44ms)
			ProcessInitializeOnLoadAttributes (217ms)
			ProcessInitializeOnLoadMethodAttributes (19ms)
			AfterProcessingInitializeOnLoad (4ms)
			EditorAssembliesLoaded (0ms)
		ExecutionOrderSort2 (0ms)
		AwakeInstancesAfterBackupRestoration (6ms)
Refreshing native plugins compatible for Editor in 8.89 ms, found 14 plugins.
Preloading 0 native plugins for Editor in 0.00 ms.
Unloading 3863 Unused Serialized files (Serialized files now loaded: 0)
Unloading 62 unused Assets / (1.2 MB). Loaded Objects now: 4522.
Memory consumption went from 153.5 MB to 152.3 MB.
Total: 4.222100 ms (FindLiveObjects: 0.235000 ms CreateObjectMapping: 0.130700 ms MarkObjects: 2.988800 ms  DeleteObjects: 0.866500 ms)

Prepare: number of updated asset objects reloaded= 0
AssetImportParameters requested are different than current active one (requested -> active):
  custom:scripting/monoscript/fileName/FilterHue.cs: e11ebd1453f02006250532b8fc94401c -> 
  custom:scripting/monoscript/fileName/MaskAlpha_Simple.cs: 998d43c9fe4b6e28b49b302d9d2322c2 -> 
  custom:container-demuxer-ogg: 62fdf1f143b41e24485cea50d1cbac27 -> 
  custom:scripting/monoscript/fileName/Blur_General.cs: 8a0b661ffd1541e6ad3f246c6bdf6064 -> 
  custom:video-codec-MediaFoundation-h265: 746d11721c4dcdbdad8f713fa42b33f4 -> 
  custom:scripting/monoscript/fileName/FilterColor.cs: c7e03c267eff691012097878712f515f -> 
  custom:scripting/monoscript/fileName/WebCamStreamEditor.cs: 7ff0789dcbf9f051a9d8ec846158e2ba -> 
  custom:scripting/monoscript/fileName/FilterSaturation.cs: b7fec0f5c8362c4fb90fef7a3cd95114 -> 
  custom:video-decoder-ogg-theora: a1e56fd34408186e4bbccfd4996cb3dc -> 
  custom:framework-win-MediaFoundation: 216162199b28c13a410421893ffa2e32 -> 
  custom:scripting/monoscript/fileName/MSKController.cs: 329a38633d303c82e33ccda6c4b8945a -> 
  custom:scripting/monoscript/fileName/MSKControllerBase.cs: 3b3131690c1a2a5da542c610dd707e72 -> 
  custom:scripting/monoscript/fileName/MSKComponentBaseEditor.cs: 275a867f4c36146f6835259c27f4cc86 -> 
  custom:scripting/monoscript/fileName/MSKBridgeVideoPlayer.cs: 23ea9b98c8be82ba4011ee7c365782d5 -> 
  custom:CustomObjectIndexerAttribute: 9a22284fe3817be447336de3de66b15e -> 
  custom:scripting/monoscript/fileName/Blur_Simple.cs: 5b27881231d30e40969fe8a37b137bf8 -> 
  custom:scripting/monoscript/fileName/FilterContrast.cs: d6b3142fb580fa91da192f89b59a7efd -> 
  custom:scripting/monoscript/fileName/RenderTextureUtils.cs: 849547b237b0fb8e05adbc3d875f3e0a -> 
  custom:container-demuxer-webm: 4f35f7cbe854078d1ac9338744f61a02 -> 
  custom:scripting/monoscript/fileName/WebCamPlayerEditor.cs: 35fa70d5472cf4ed2a09ed8841245a40 -> 
  custom:scripting/monoscript/fileName/FilterHSBC.cs: abed7363c28ab4e39c46ca29c449c0bf -> 
  custom:scripting/monoscript/fileName/ChromaKey_BgColor.cs: ff79c54091a384a9f17d041e8b86dbef -> 
  custom:scripting/monoscript/fileName/WebCamPlayer.cs: ab9e6743a178280f9b1cb7fb2502280a -> 
  custom:container-muxer-webm: aa71ff27fc2769a1b78a27578f13a17b -> 
  custom:video-decoder-webm-vp8: 9c59270c3fd7afecdb556c50c9e8de78 -> 
  custom:scripting/monoscript/fileName/TargetRenderBaseEditor.cs: 884e2c9ba1f4c591a4be3b16e94fba5e -> 
  custom:SearchIndexIgnoredProperties: e643bd26f0fe6173181afceb89e7c659 -> 
  custom:AudioImporter_EditorPlatform: d09bf68614088b80899f8185d706f6e7 -> 
  custom:scripting/monoscript/fileName/FilterBrightness.cs: 3963794dd0d8c56a4d79f9d946364063 -> 
  custom:scripting/monoscript/fileName/MaskAlpha_Expert.cs: 9616cb22e95c50199495781447fa1e41 -> 
  custom:video-encoder-webm-vp8: eb34c28f22e8b96e1ab97ce403110664 -> 
  custom:audio-decoder-ogg-vorbis: bf7c407c2cedff20999df2af8eb42d56 -> 
  custom:scripting/monoscript/fileName/MaskAlpha_General.cs: eb48cce8dcc2d35737c4ec6ed20b1cc8 -> 
  custom:scripting/monoscript/fileName/WebCamStream.cs: 19da22c49c5df13f4dbdd979aad08efe -> 
  custom:scripting/monoscript/fileName/MSKBridgeWebCamPlayer.cs: c53fa13a9caf37fb3c221b4295873159 -> 
  custom:scripting/monoscript/fileName/MSKBridgeImage.cs: 45cffc4173ef79ea83298d852a467f5f -> 
  custom:audio-encoder-webm-vorbis: bf7c407c2cedff20999df2af8eb42d56 -> 
  custom:scripting/precompiled-assembly-types:Assembly-CSharp-Editor: a4afda7cddc5399c2adf3022dc9786b9 -> c43ab9b87697be09138a4d4ef369a2f4
  custom:scripting/monoscript/fileName/TargetRenderBase.cs: ede1e7ffe26e2bdaf1178000003a7cde -> 
  custom:scripting/monoscript/fileName/ChromaKey_Alpha_General.cs: 385319fb4a7056c216e19b2e8fd2d993 -> 
  custom:scripting/precompiled-assembly-types:Assembly-CSharp: fd4aa9dcc385f23025957af40729474f -> 019be45a1fb25a17605dd275f0018009
  custom:scripting/monoscript/fileName/MSKComponentBase.cs: 2ccbbe283ec48eefd1aeb9b05e8e9b5c -> 
  custom:scripting/monoscript/fileName/ChromaKey_BgTex.cs: 31d8b6121d339249db5b6b74f6e2ed5a -> 
  custom:scripting/monoscript/fileName/ChromaKey_Alpha_Simple.cs: 41af4aec3871671be2e3d1e6e2beb3fa -> 
========================================================================
Received Prepare
Caller must complete domain reload
Begin MonoManager ReloadAssembly
- Loaded All Assemblies, in  0.349 seconds
Native extension for WindowsStandalone target not found
Native extension for Android target not found
Native extension for WebGL target not found
Mono: successfully reloaded assembly
- Finished resetting the current domain, in  0.636 seconds
Domain Reload Profiling: 983ms
	BeginReloadAssembly (109ms)
		ExecutionOrderSort (0ms)
		DisableScriptedObjects (4ms)
		BackupInstance (0ms)
		ReleaseScriptingObjects (0ms)
		CreateAndSetChildDomain (22ms)
	RebuildCommonClasses (23ms)
	RebuildNativeTypeToScriptingClass (8ms)
	initialDomainReloadingComplete (21ms)
	LoadAllAssembliesAndSetupDomain (186ms)
		LoadAssemblies (218ms)
		RebuildTransferFunctionScriptingTraits (0ms)
		AnalyzeDomain (25ms)
			TypeCache.Refresh (11ms)
				TypeCache.ScanAssembly (3ms)
			ScanForSourceGeneratedMonoScriptInfo (6ms)
			ResolveRequiredComponents (6ms)
	FinalizeReload (636ms)
		ReleaseScriptCaches (0ms)
		RebuildScriptCaches (0ms)
		SetupLoadedEditorAssemblies (313ms)
			LogAssemblyErrors (0ms)
			InitializePlatformSupportModulesInManaged (13ms)
			SetLoadedEditorAssemblies (3ms)
			RefreshPlugins (0ms)
			BeforeProcessingInitializeOnLoad (45ms)
			ProcessInitializeOnLoadAttributes (233ms)
			ProcessInitializeOnLoadMethodAttributes (15ms)
			AfterProcessingInitializeOnLoad (3ms)
			EditorAssembliesLoaded (0ms)
		ExecutionOrderSort2 (0ms)
		AwakeInstancesAfterBackupRestoration (5ms)
Refreshing native plugins compatible for Editor in 6.80 ms, found 14 plugins.
Preloading 0 native plugins for Editor in 0.00 ms.
Unloading 3863 Unused Serialized files (Serialized files now loaded: 0)
Unloading 62 unused Assets / (1.2 MB). Loaded Objects now: 4526.
Memory consumption went from 153.5 MB to 152.3 MB.
Total: 2.837200 ms (FindLiveObjects: 0.210000 ms CreateObjectMapping: 0.090200 ms MarkObjects: 2.026500 ms  DeleteObjects: 0.509800 ms)

Prepare: number of updated asset objects reloaded= 0
AssetImportParameters requested are different than current active one (requested -> active):
  custom:scripting/monoscript/fileName/FilterHue.cs: e11ebd1453f02006250532b8fc94401c -> 
  custom:scripting/monoscript/fileName/MaskAlpha_Simple.cs: 998d43c9fe4b6e28b49b302d9d2322c2 -> 
  custom:container-demuxer-ogg: 62fdf1f143b41e24485cea50d1cbac27 -> 
  custom:scripting/monoscript/fileName/Blur_General.cs: 8a0b661ffd1541e6ad3f246c6bdf6064 -> 
  custom:video-codec-MediaFoundation-h265: 746d11721c4dcdbdad8f713fa42b33f4 -> 
  custom:scripting/monoscript/fileName/FilterColor.cs: c7e03c267eff691012097878712f515f -> 
  custom:scripting/monoscript/fileName/WebCamStreamEditor.cs: 7ff0789dcbf9f051a9d8ec846158e2ba -> 
  custom:scripting/monoscript/fileName/FilterSaturation.cs: b7fec0f5c8362c4fb90fef7a3cd95114 -> 
  custom:video-decoder-ogg-theora: a1e56fd34408186e4bbccfd4996cb3dc -> 
  custom:framework-win-MediaFoundation: 216162199b28c13a410421893ffa2e32 -> 
  custom:scripting/monoscript/fileName/MSKController.cs: 329a38633d303c82e33ccda6c4b8945a -> 
  custom:scripting/monoscript/fileName/MSKControllerBase.cs: 3b3131690c1a2a5da542c610dd707e72 -> 
  custom:scripting/monoscript/fileName/MSKComponentBaseEditor.cs: 275a867f4c36146f6835259c27f4cc86 -> 
  custom:scripting/monoscript/fileName/MSKBridgeVideoPlayer.cs: 23ea9b98c8be82ba4011ee7c365782d5 -> 
  custom:CustomObjectIndexerAttribute: 9a22284fe3817be447336de3de66b15e -> 
  custom:scripting/monoscript/fileName/Blur_Simple.cs: 5b27881231d30e40969fe8a37b137bf8 -> 
  custom:scripting/monoscript/fileName/FilterContrast.cs: d6b3142fb580fa91da192f89b59a7efd -> 
  custom:scripting/monoscript/fileName/RenderTextureUtils.cs: 849547b237b0fb8e05adbc3d875f3e0a -> 
  custom:container-demuxer-webm: 4f35f7cbe854078d1ac9338744f61a02 -> 
  custom:scripting/monoscript/fileName/WebCamPlayerEditor.cs: 35fa70d5472cf4ed2a09ed8841245a40 -> 
  custom:scripting/monoscript/fileName/FilterHSBC.cs: abed7363c28ab4e39c46ca29c449c0bf -> 
  custom:scripting/monoscript/fileName/ChromaKey_BgColor.cs: ff79c54091a384a9f17d041e8b86dbef -> 
  custom:scripting/monoscript/fileName/WebCamPlayer.cs: ab9e6743a178280f9b1cb7fb2502280a -> 
  custom:container-muxer-webm: aa71ff27fc2769a1b78a27578f13a17b -> 
  custom:video-decoder-webm-vp8: 9c59270c3fd7afecdb556c50c9e8de78 -> 
  custom:scripting/monoscript/fileName/TargetRenderBaseEditor.cs: 884e2c9ba1f4c591a4be3b16e94fba5e -> 
  custom:SearchIndexIgnoredProperties: e643bd26f0fe6173181afceb89e7c659 -> 
  custom:AudioImporter_EditorPlatform: d09bf68614088b80899f8185d706f6e7 -> 
  custom:scripting/monoscript/fileName/FilterBrightness.cs: 3963794dd0d8c56a4d79f9d946364063 -> 
  custom:scripting/monoscript/fileName/MaskAlpha_Expert.cs: 9616cb22e95c50199495781447fa1e41 -> 
  custom:video-encoder-webm-vp8: eb34c28f22e8b96e1ab97ce403110664 -> 
  custom:audio-decoder-ogg-vorbis: bf7c407c2cedff20999df2af8eb42d56 -> 
  custom:scripting/monoscript/fileName/MaskAlpha_General.cs: eb48cce8dcc2d35737c4ec6ed20b1cc8 -> 
  custom:scripting/monoscript/fileName/WebCamStream.cs: 19da22c49c5df13f4dbdd979aad08efe -> 
  custom:scripting/monoscript/fileName/MSKBridgeWebCamPlayer.cs: c53fa13a9caf37fb3c221b4295873159 -> 
  custom:scripting/monoscript/fileName/MSKBridgeImage.cs: 45cffc4173ef79ea83298d852a467f5f -> 
  custom:audio-encoder-webm-vorbis: bf7c407c2cedff20999df2af8eb42d56 -> 
  custom:scripting/precompiled-assembly-types:Assembly-CSharp-Editor: a4afda7cddc5399c2adf3022dc9786b9 -> c43ab9b87697be09138a4d4ef369a2f4
  custom:scripting/monoscript/fileName/TargetRenderBase.cs: ede1e7ffe26e2bdaf1178000003a7cde -> 
  custom:scripting/monoscript/fileName/ChromaKey_Alpha_General.cs: 385319fb4a7056c216e19b2e8fd2d993 -> 
  custom:scripting/precompiled-assembly-types:Assembly-CSharp: fd4aa9dcc385f23025957af40729474f -> 019be45a1fb25a17605dd275f0018009
  custom:scripting/monoscript/fileName/MSKComponentBase.cs: 2ccbbe283ec48eefd1aeb9b05e8e9b5c -> 
  custom:scripting/monoscript/fileName/ChromaKey_BgTex.cs: 31d8b6121d339249db5b6b74f6e2ed5a -> 
  custom:scripting/monoscript/fileName/ChromaKey_Alpha_Simple.cs: 41af4aec3871671be2e3d1e6e2beb3fa -> 
========================================================================
Received Prepare
Caller must complete domain reload
Begin MonoManager ReloadAssembly
- Loaded All Assemblies, in  0.344 seconds
Native extension for WindowsStandalone target not found
Native extension for Android target not found
Native extension for WebGL target not found
Mono: successfully reloaded assembly
- Finished resetting the current domain, in  0.626 seconds
Domain Reload Profiling: 969ms
	BeginReloadAssembly (115ms)
		ExecutionOrderSort (0ms)
		DisableScriptedObjects (5ms)
		BackupInstance (0ms)
		ReleaseScriptingObjects (0ms)
		CreateAndSetChildDomain (22ms)
	RebuildCommonClasses (24ms)
	RebuildNativeTypeToScriptingClass (7ms)
	initialDomainReloadingComplete (22ms)
	LoadAllAssembliesAndSetupDomain (175ms)
		LoadAssemblies (213ms)
		RebuildTransferFunctionScriptingTraits (0ms)
		AnalyzeDomain (24ms)
			TypeCache.Refresh (11ms)
				TypeCache.ScanAssembly (4ms)
			ScanForSourceGeneratedMonoScriptInfo (5ms)
			ResolveRequiredComponents (6ms)
	FinalizeReload (627ms)
		ReleaseScriptCaches (0ms)
		RebuildScriptCaches (0ms)
		SetupLoadedEditorAssemblies (298ms)
			LogAssemblyErrors (0ms)
			InitializePlatformSupportModulesInManaged (14ms)
			SetLoadedEditorAssemblies (2ms)
			RefreshPlugins (0ms)
			BeforeProcessingInitializeOnLoad (49ms)
			ProcessInitializeOnLoadAttributes (214ms)
			ProcessInitializeOnLoadMethodAttributes (15ms)
			AfterProcessingInitializeOnLoad (3ms)
			EditorAssembliesLoaded (0ms)
		ExecutionOrderSort2 (0ms)
		AwakeInstancesAfterBackupRestoration (4ms)
Refreshing native plugins compatible for Editor in 7.17 ms, found 14 plugins.
Preloading 0 native plugins for Editor in 0.00 ms.
Unloading 3864 Unused Serialized files (Serialized files now loaded: 0)
Unloading 63 unused Assets / (1.3 MB). Loaded Objects now: 4530.
Memory consumption went from 153.8 MB to 152.5 MB.
Total: 2.985600 ms (FindLiveObjects: 0.215600 ms CreateObjectMapping: 0.101300 ms MarkObjects: 2.152700 ms  DeleteObjects: 0.515100 ms)

Prepare: number of updated asset objects reloaded= 0
AssetImportParameters requested are different than current active one (requested -> active):
  custom:scripting/monoscript/fileName/FilterHue.cs: e11ebd1453f02006250532b8fc94401c -> 
  custom:scripting/monoscript/fileName/MaskAlpha_Simple.cs: 998d43c9fe4b6e28b49b302d9d2322c2 -> 
  custom:container-demuxer-ogg: 62fdf1f143b41e24485cea50d1cbac27 -> 
  custom:scripting/monoscript/fileName/Blur_General.cs: 8a0b661ffd1541e6ad3f246c6bdf6064 -> 
  custom:video-codec-MediaFoundation-h265: 746d11721c4dcdbdad8f713fa42b33f4 -> 
  custom:scripting/monoscript/fileName/FilterColor.cs: c7e03c267eff691012097878712f515f -> 
  custom:scripting/monoscript/fileName/WebCamStreamEditor.cs: 7ff0789dcbf9f051a9d8ec846158e2ba -> 
  custom:scripting/monoscript/fileName/FilterSaturation.cs: b7fec0f5c8362c4fb90fef7a3cd95114 -> 
  custom:video-decoder-ogg-theora: a1e56fd34408186e4bbccfd4996cb3dc -> 
  custom:framework-win-MediaFoundation: 216162199b28c13a410421893ffa2e32 -> 
  custom:scripting/monoscript/fileName/MSKController.cs: 329a38633d303c82e33ccda6c4b8945a -> 
  custom:scripting/monoscript/fileName/MSKControllerBase.cs: 3b3131690c1a2a5da542c610dd707e72 -> 
  custom:scripting/monoscript/fileName/MSKComponentBaseEditor.cs: 275a867f4c36146f6835259c27f4cc86 -> 
  custom:scripting/monoscript/fileName/MSKBridgeVideoPlayer.cs: 23ea9b98c8be82ba4011ee7c365782d5 -> 
  custom:CustomObjectIndexerAttribute: 9a22284fe3817be447336de3de66b15e -> 
  custom:scripting/monoscript/fileName/Blur_Simple.cs: 5b27881231d30e40969fe8a37b137bf8 -> 
  custom:scripting/monoscript/fileName/FilterContrast.cs: d6b3142fb580fa91da192f89b59a7efd -> 
  custom:scripting/monoscript/fileName/RenderTextureUtils.cs: 849547b237b0fb8e05adbc3d875f3e0a -> 
  custom:container-demuxer-webm: 4f35f7cbe854078d1ac9338744f61a02 -> 
  custom:scripting/monoscript/fileName/WebCamPlayerEditor.cs: 35fa70d5472cf4ed2a09ed8841245a40 -> 
  custom:scripting/monoscript/fileName/FilterHSBC.cs: abed7363c28ab4e39c46ca29c449c0bf -> 
  custom:scripting/monoscript/fileName/ChromaKey_BgColor.cs: ff79c54091a384a9f17d041e8b86dbef -> 
  custom:scripting/monoscript/fileName/WebCamPlayer.cs: ab9e6743a178280f9b1cb7fb2502280a -> 
  custom:container-muxer-webm: aa71ff27fc2769a1b78a27578f13a17b -> 
  custom:video-decoder-webm-vp8: 9c59270c3fd7afecdb556c50c9e8de78 -> 
  custom:scripting/monoscript/fileName/TargetRenderBaseEditor.cs: 884e2c9ba1f4c591a4be3b16e94fba5e -> 
  custom:SearchIndexIgnoredProperties: e643bd26f0fe6173181afceb89e7c659 -> 
  custom:AudioImporter_EditorPlatform: d09bf68614088b80899f8185d706f6e7 -> 
  custom:scripting/monoscript/fileName/FilterBrightness.cs: 3963794dd0d8c56a4d79f9d946364063 -> 
  custom:scripting/monoscript/fileName/MaskAlpha_Expert.cs: 9616cb22e95c50199495781447fa1e41 -> 
  custom:video-encoder-webm-vp8: eb34c28f22e8b96e1ab97ce403110664 -> 
  custom:audio-decoder-ogg-vorbis: bf7c407c2cedff20999df2af8eb42d56 -> 
  custom:scripting/monoscript/fileName/MaskAlpha_General.cs: eb48cce8dcc2d35737c4ec6ed20b1cc8 -> 
  custom:scripting/monoscript/fileName/WebCamStream.cs: 19da22c49c5df13f4dbdd979aad08efe -> 
  custom:scripting/monoscript/fileName/MSKBridgeWebCamPlayer.cs: c53fa13a9caf37fb3c221b4295873159 -> 
  custom:scripting/monoscript/fileName/MSKBridgeImage.cs: 45cffc4173ef79ea83298d852a467f5f -> 
  custom:audio-encoder-webm-vorbis: bf7c407c2cedff20999df2af8eb42d56 -> 
  custom:scripting/precompiled-assembly-types:Assembly-CSharp-Editor: a4afda7cddc5399c2adf3022dc9786b9 -> c43ab9b87697be09138a4d4ef369a2f4
  custom:scripting/monoscript/fileName/TargetRenderBase.cs: ede1e7ffe26e2bdaf1178000003a7cde -> 
  custom:scripting/monoscript/fileName/ChromaKey_Alpha_General.cs: 385319fb4a7056c216e19b2e8fd2d993 -> 
  custom:scripting/precompiled-assembly-types:Assembly-CSharp: fd4aa9dcc385f23025957af40729474f -> 019be45a1fb25a17605dd275f0018009
  custom:scripting/monoscript/fileName/MSKComponentBase.cs: 2ccbbe283ec48eefd1aeb9b05e8e9b5c -> 
  custom:scripting/monoscript/fileName/ChromaKey_BgTex.cs: 31d8b6121d339249db5b6b74f6e2ed5a -> 
  custom:scripting/monoscript/fileName/ChromaKey_Alpha_Simple.cs: 41af4aec3871671be2e3d1e6e2beb3fa -> 
========================================================================
Received Prepare
Caller must complete domain reload
Begin MonoManager ReloadAssembly
- Loaded All Assemblies, in  0.346 seconds
Native extension for WindowsStandalone target not found
Native extension for Android target not found
Native extension for WebGL target not found
Mono: successfully reloaded assembly
- Finished resetting the current domain, in  0.576 seconds
Domain Reload Profiling: 921ms
	BeginReloadAssembly (116ms)
		ExecutionOrderSort (0ms)
		DisableScriptedObjects (4ms)
		BackupInstance (0ms)
		ReleaseScriptingObjects (0ms)
		CreateAndSetChildDomain (23ms)
	RebuildCommonClasses (24ms)
	RebuildNativeTypeToScriptingClass (8ms)
	initialDomainReloadingComplete (21ms)
	LoadAllAssembliesAndSetupDomain (175ms)
		LoadAssemblies (214ms)
		RebuildTransferFunctionScriptingTraits (0ms)
		AnalyzeDomain (24ms)
			TypeCache.Refresh (12ms)
				TypeCache.ScanAssembly (3ms)
			ScanForSourceGeneratedMonoScriptInfo (5ms)
			ResolveRequiredComponents (5ms)
	FinalizeReload (577ms)
		ReleaseScriptCaches (0ms)
		RebuildScriptCaches (0ms)
		SetupLoadedEditorAssemblies (282ms)
			LogAssemblyErrors (0ms)
			InitializePlatformSupportModulesInManaged (13ms)
			SetLoadedEditorAssemblies (2ms)
			RefreshPlugins (0ms)
			BeforeProcessingInitializeOnLoad (44ms)
			ProcessInitializeOnLoadAttributes (206ms)
			ProcessInitializeOnLoadMethodAttributes (14ms)
			AfterProcessingInitializeOnLoad (3ms)
			EditorAssembliesLoaded (0ms)
		ExecutionOrderSort2 (0ms)
		AwakeInstancesAfterBackupRestoration (4ms)
Refreshing native plugins compatible for Editor in 7.61 ms, found 14 plugins.
Preloading 0 native plugins for Editor in 0.00 ms.
Unloading 3864 Unused Serialized files (Serialized files now loaded: 0)
Unloading 63 unused Assets / (1.3 MB). Loaded Objects now: 4534.
Memory consumption went from 153.8 MB to 152.5 MB.
Total: 3.144100 ms (FindLiveObjects: 0.207300 ms CreateObjectMapping: 0.096500 ms MarkObjects: 2.321000 ms  DeleteObjects: 0.518500 ms)

Prepare: number of updated asset objects reloaded= 0
AssetImportParameters requested are different than current active one (requested -> active):
  custom:scripting/monoscript/fileName/FilterHue.cs: e11ebd1453f02006250532b8fc94401c -> 
  custom:scripting/monoscript/fileName/MaskAlpha_Simple.cs: 998d43c9fe4b6e28b49b302d9d2322c2 -> 
  custom:container-demuxer-ogg: 62fdf1f143b41e24485cea50d1cbac27 -> 
  custom:scripting/monoscript/fileName/Blur_General.cs: 8a0b661ffd1541e6ad3f246c6bdf6064 -> 
  custom:video-codec-MediaFoundation-h265: 746d11721c4dcdbdad8f713fa42b33f4 -> 
  custom:scripting/monoscript/fileName/FilterColor.cs: c7e03c267eff691012097878712f515f -> 
  custom:scripting/monoscript/fileName/WebCamStreamEditor.cs: 7ff0789dcbf9f051a9d8ec846158e2ba -> 
  custom:scripting/monoscript/fileName/FilterSaturation.cs: b7fec0f5c8362c4fb90fef7a3cd95114 -> 
  custom:video-decoder-ogg-theora: a1e56fd34408186e4bbccfd4996cb3dc -> 
  custom:framework-win-MediaFoundation: 216162199b28c13a410421893ffa2e32 -> 
  custom:scripting/monoscript/fileName/MSKController.cs: 329a38633d303c82e33ccda6c4b8945a -> 
  custom:scripting/monoscript/fileName/MSKControllerBase.cs: 3b3131690c1a2a5da542c610dd707e72 -> 
  custom:scripting/monoscript/fileName/MSKComponentBaseEditor.cs: 275a867f4c36146f6835259c27f4cc86 -> 
  custom:scripting/monoscript/fileName/MSKBridgeVideoPlayer.cs: 23ea9b98c8be82ba4011ee7c365782d5 -> 
  custom:CustomObjectIndexerAttribute: 9a22284fe3817be447336de3de66b15e -> 
  custom:scripting/monoscript/fileName/Blur_Simple.cs: 5b27881231d30e40969fe8a37b137bf8 -> 
  custom:scripting/monoscript/fileName/FilterContrast.cs: d6b3142fb580fa91da192f89b59a7efd -> 
  custom:scripting/monoscript/fileName/RenderTextureUtils.cs: 849547b237b0fb8e05adbc3d875f3e0a -> 
  custom:container-demuxer-webm: 4f35f7cbe854078d1ac9338744f61a02 -> 
  custom:scripting/monoscript/fileName/WebCamPlayerEditor.cs: 35fa70d5472cf4ed2a09ed8841245a40 -> 
  custom:scripting/monoscript/fileName/FilterHSBC.cs: abed7363c28ab4e39c46ca29c449c0bf -> 
  custom:scripting/monoscript/fileName/ChromaKey_BgColor.cs: ff79c54091a384a9f17d041e8b86dbef -> 
  custom:scripting/monoscript/fileName/WebCamPlayer.cs: ab9e6743a178280f9b1cb7fb2502280a -> 
  custom:container-muxer-webm: aa71ff27fc2769a1b78a27578f13a17b -> 
  custom:video-decoder-webm-vp8: 9c59270c3fd7afecdb556c50c9e8de78 -> 
  custom:scripting/monoscript/fileName/TargetRenderBaseEditor.cs: 884e2c9ba1f4c591a4be3b16e94fba5e -> 
  custom:SearchIndexIgnoredProperties: e643bd26f0fe6173181afceb89e7c659 -> 
  custom:AudioImporter_EditorPlatform: d09bf68614088b80899f8185d706f6e7 -> 
  custom:scripting/monoscript/fileName/FilterBrightness.cs: 3963794dd0d8c56a4d79f9d946364063 -> 
  custom:scripting/monoscript/fileName/MaskAlpha_Expert.cs: 9616cb22e95c50199495781447fa1e41 -> 
  custom:video-encoder-webm-vp8: eb34c28f22e8b96e1ab97ce403110664 -> 
  custom:audio-decoder-ogg-vorbis: bf7c407c2cedff20999df2af8eb42d56 -> 
  custom:scripting/monoscript/fileName/MaskAlpha_General.cs: eb48cce8dcc2d35737c4ec6ed20b1cc8 -> 
  custom:scripting/monoscript/fileName/WebCamStream.cs: 19da22c49c5df13f4dbdd979aad08efe -> 
  custom:scripting/monoscript/fileName/MSKBridgeWebCamPlayer.cs: c53fa13a9caf37fb3c221b4295873159 -> 
  custom:scripting/monoscript/fileName/MSKBridgeImage.cs: 45cffc4173ef79ea83298d852a467f5f -> 
  custom:audio-encoder-webm-vorbis: bf7c407c2cedff20999df2af8eb42d56 -> 
  custom:scripting/precompiled-assembly-types:Assembly-CSharp-Editor: a4afda7cddc5399c2adf3022dc9786b9 -> c43ab9b87697be09138a4d4ef369a2f4
  custom:scripting/monoscript/fileName/TargetRenderBase.cs: ede1e7ffe26e2bdaf1178000003a7cde -> 
  custom:scripting/monoscript/fileName/ChromaKey_Alpha_General.cs: 385319fb4a7056c216e19b2e8fd2d993 -> 
  custom:scripting/precompiled-assembly-types:Assembly-CSharp: fd4aa9dcc385f23025957af40729474f -> 019be45a1fb25a17605dd275f0018009
  custom:scripting/monoscript/fileName/MSKComponentBase.cs: 2ccbbe283ec48eefd1aeb9b05e8e9b5c -> 
  custom:scripting/monoscript/fileName/ChromaKey_BgTex.cs: 31d8b6121d339249db5b6b74f6e2ed5a -> 
  custom:scripting/monoscript/fileName/ChromaKey_Alpha_Simple.cs: 41af4aec3871671be2e3d1e6e2beb3fa -> 
========================================================================
Received Prepare
Caller must complete domain reload
Begin MonoManager ReloadAssembly
- Loaded All Assemblies, in  0.344 seconds
Native extension for WindowsStandalone target not found
Native extension for Android target not found
Native extension for WebGL target not found
Mono: successfully reloaded assembly
- Finished resetting the current domain, in  0.573 seconds
Domain Reload Profiling: 916ms
	BeginReloadAssembly (115ms)
		ExecutionOrderSort (0ms)
		DisableScriptedObjects (4ms)
		BackupInstance (0ms)
		ReleaseScriptingObjects (0ms)
		CreateAndSetChildDomain (22ms)
	RebuildCommonClasses (25ms)
	RebuildNativeTypeToScriptingClass (8ms)
	initialDomainReloadingComplete (20ms)
	LoadAllAssembliesAndSetupDomain (174ms)
		LoadAssemblies (214ms)
		RebuildTransferFunctionScriptingTraits (0ms)
		AnalyzeDomain (23ms)
			TypeCache.Refresh (11ms)
				TypeCache.ScanAssembly (3ms)
			ScanForSourceGeneratedMonoScriptInfo (6ms)
			ResolveRequiredComponents (5ms)
	FinalizeReload (574ms)
		ReleaseScriptCaches (0ms)
		RebuildScriptCaches (0ms)
		SetupLoadedEditorAssemblies (285ms)
			LogAssemblyErrors (0ms)
			InitializePlatformSupportModulesInManaged (14ms)
			SetLoadedEditorAssemblies (2ms)
			RefreshPlugins (0ms)
			BeforeProcessingInitializeOnLoad (45ms)
			ProcessInitializeOnLoadAttributes (206ms)
			ProcessInitializeOnLoadMethodAttributes (15ms)
			AfterProcessingInitializeOnLoad (4ms)
			EditorAssembliesLoaded (0ms)
		ExecutionOrderSort2 (0ms)
		AwakeInstancesAfterBackupRestoration (5ms)
Refreshing native plugins compatible for Editor in 6.73 ms, found 14 plugins.
Preloading 0 native plugins for Editor in 0.00 ms.
Unloading 3864 Unused Serialized files (Serialized files now loaded: 0)
Unloading 63 unused Assets / (1.3 MB). Loaded Objects now: 4538.
Memory consumption went from 153.8 MB to 152.5 MB.
Total: 3.085400 ms (FindLiveObjects: 0.198000 ms CreateObjectMapping: 0.088600 ms MarkObjects: 2.291200 ms  DeleteObjects: 0.506800 ms)

Prepare: number of updated asset objects reloaded= 0
AssetImportParameters requested are different than current active one (requested -> active):
  custom:scripting/monoscript/fileName/FilterHue.cs: e11ebd1453f02006250532b8fc94401c -> 
  custom:scripting/monoscript/fileName/MaskAlpha_Simple.cs: 998d43c9fe4b6e28b49b302d9d2322c2 -> 
  custom:container-demuxer-ogg: 62fdf1f143b41e24485cea50d1cbac27 -> 
  custom:scripting/monoscript/fileName/Blur_General.cs: 8a0b661ffd1541e6ad3f246c6bdf6064 -> 
  custom:video-codec-MediaFoundation-h265: 746d11721c4dcdbdad8f713fa42b33f4 -> 
  custom:scripting/monoscript/fileName/FilterColor.cs: c7e03c267eff691012097878712f515f -> 
  custom:scripting/monoscript/fileName/WebCamStreamEditor.cs: 7ff0789dcbf9f051a9d8ec846158e2ba -> 
  custom:scripting/monoscript/fileName/FilterSaturation.cs: b7fec0f5c8362c4fb90fef7a3cd95114 -> 
  custom:video-decoder-ogg-theora: a1e56fd34408186e4bbccfd4996cb3dc -> 
  custom:framework-win-MediaFoundation: 216162199b28c13a410421893ffa2e32 -> 
  custom:scripting/monoscript/fileName/MSKController.cs: 329a38633d303c82e33ccda6c4b8945a -> 
  custom:scripting/monoscript/fileName/MSKControllerBase.cs: 3b3131690c1a2a5da542c610dd707e72 -> 
  custom:scripting/monoscript/fileName/MSKComponentBaseEditor.cs: 275a867f4c36146f6835259c27f4cc86 -> 
  custom:scripting/monoscript/fileName/MSKBridgeVideoPlayer.cs: 23ea9b98c8be82ba4011ee7c365782d5 -> 
  custom:CustomObjectIndexerAttribute: 9a22284fe3817be447336de3de66b15e -> 
  custom:scripting/monoscript/fileName/Blur_Simple.cs: 5b27881231d30e40969fe8a37b137bf8 -> 
  custom:scripting/monoscript/fileName/FilterContrast.cs: d6b3142fb580fa91da192f89b59a7efd -> 
  custom:scripting/monoscript/fileName/RenderTextureUtils.cs: 849547b237b0fb8e05adbc3d875f3e0a -> 
  custom:container-demuxer-webm: 4f35f7cbe854078d1ac9338744f61a02 -> 
  custom:scripting/monoscript/fileName/WebCamPlayerEditor.cs: 35fa70d5472cf4ed2a09ed8841245a40 -> 
  custom:scripting/monoscript/fileName/FilterHSBC.cs: abed7363c28ab4e39c46ca29c449c0bf -> 
  custom:scripting/monoscript/fileName/ChromaKey_BgColor.cs: ff79c54091a384a9f17d041e8b86dbef -> 
  custom:scripting/monoscript/fileName/WebCamPlayer.cs: ab9e6743a178280f9b1cb7fb2502280a -> 
  custom:container-muxer-webm: aa71ff27fc2769a1b78a27578f13a17b -> 
  custom:video-decoder-webm-vp8: 9c59270c3fd7afecdb556c50c9e8de78 -> 
  custom:scripting/monoscript/fileName/TargetRenderBaseEditor.cs: 884e2c9ba1f4c591a4be3b16e94fba5e -> 
  custom:SearchIndexIgnoredProperties: e643bd26f0fe6173181afceb89e7c659 -> 
  custom:AudioImporter_EditorPlatform: d09bf68614088b80899f8185d706f6e7 -> 
  custom:scripting/monoscript/fileName/FilterBrightness.cs: 3963794dd0d8c56a4d79f9d946364063 -> 
  custom:scripting/monoscript/fileName/MaskAlpha_Expert.cs: 9616cb22e95c50199495781447fa1e41 -> 
  custom:video-encoder-webm-vp8: eb34c28f22e8b96e1ab97ce403110664 -> 
  custom:audio-decoder-ogg-vorbis: bf7c407c2cedff20999df2af8eb42d56 -> 
  custom:scripting/monoscript/fileName/MaskAlpha_General.cs: eb48cce8dcc2d35737c4ec6ed20b1cc8 -> 
  custom:scripting/monoscript/fileName/WebCamStream.cs: 19da22c49c5df13f4dbdd979aad08efe -> 
  custom:scripting/monoscript/fileName/MSKBridgeWebCamPlayer.cs: c53fa13a9caf37fb3c221b4295873159 -> 
  custom:scripting/monoscript/fileName/MSKBridgeImage.cs: 45cffc4173ef79ea83298d852a467f5f -> 
  custom:audio-encoder-webm-vorbis: bf7c407c2cedff20999df2af8eb42d56 -> 
  custom:scripting/precompiled-assembly-types:Assembly-CSharp-Editor: a4afda7cddc5399c2adf3022dc9786b9 -> c43ab9b87697be09138a4d4ef369a2f4
  custom:scripting/monoscript/fileName/TargetRenderBase.cs: ede1e7ffe26e2bdaf1178000003a7cde -> 
  custom:scripting/monoscript/fileName/ChromaKey_Alpha_General.cs: 385319fb4a7056c216e19b2e8fd2d993 -> 
  custom:scripting/precompiled-assembly-types:Assembly-CSharp: fd4aa9dcc385f23025957af40729474f -> 019be45a1fb25a17605dd275f0018009
  custom:scripting/monoscript/fileName/MSKComponentBase.cs: 2ccbbe283ec48eefd1aeb9b05e8e9b5c -> 
  custom:scripting/monoscript/fileName/ChromaKey_BgTex.cs: 31d8b6121d339249db5b6b74f6e2ed5a -> 
  custom:scripting/monoscript/fileName/ChromaKey_Alpha_Simple.cs: 41af4aec3871671be2e3d1e6e2beb3fa -> 
========================================================================
Received Prepare
Caller must complete domain reload
Begin MonoManager ReloadAssembly
- Loaded All Assemblies, in  0.339 seconds
Native extension for WindowsStandalone target not found
Native extension for Android target not found
Native extension for WebGL target not found
Mono: successfully reloaded assembly
- Finished resetting the current domain, in  0.575 seconds
Domain Reload Profiling: 913ms
	BeginReloadAssembly (105ms)
		ExecutionOrderSort (0ms)
		DisableScriptedObjects (4ms)
		BackupInstance (0ms)
		ReleaseScriptingObjects (0ms)
		CreateAndSetChildDomain (21ms)
	RebuildCommonClasses (25ms)
	RebuildNativeTypeToScriptingClass (7ms)
	initialDomainReloadingComplete (21ms)
	LoadAllAssembliesAndSetupDomain (179ms)
		LoadAssemblies (212ms)
		RebuildTransferFunctionScriptingTraits (0ms)
		AnalyzeDomain (23ms)
			TypeCache.Refresh (11ms)
				TypeCache.ScanAssembly (3ms)
			ScanForSourceGeneratedMonoScriptInfo (5ms)
			ResolveRequiredComponents (6ms)
	FinalizeReload (575ms)
		ReleaseScriptCaches (0ms)
		RebuildScriptCaches (0ms)
		SetupLoadedEditorAssemblies (282ms)
			LogAssemblyErrors (0ms)
			InitializePlatformSupportModulesInManaged (14ms)
			SetLoadedEditorAssemblies (2ms)
			RefreshPlugins (0ms)
			BeforeProcessingInitializeOnLoad (46ms)
			ProcessInitializeOnLoadAttributes (202ms)
			ProcessInitializeOnLoadMethodAttributes (14ms)
			AfterProcessingInitializeOnLoad (4ms)
			EditorAssembliesLoaded (0ms)
		ExecutionOrderSort2 (0ms)
		AwakeInstancesAfterBackupRestoration (5ms)
Refreshing native plugins compatible for Editor in 7.10 ms, found 14 plugins.
Preloading 0 native plugins for Editor in 0.00 ms.
Unloading 3864 Unused Serialized files (Serialized files now loaded: 0)
Unloading 63 unused Assets / (1.3 MB). Loaded Objects now: 4542.
Memory consumption went from 153.8 MB to 152.6 MB.
Total: 2.912300 ms (FindLiveObjects: 0.218400 ms CreateObjectMapping: 0.088200 ms MarkObjects: 2.099100 ms  DeleteObjects: 0.505900 ms)

Prepare: number of updated asset objects reloaded= 0
AssetImportParameters requested are different than current active one (requested -> active):
  custom:scripting/monoscript/fileName/FilterHue.cs: e11ebd1453f02006250532b8fc94401c -> 
  custom:scripting/monoscript/fileName/MaskAlpha_Simple.cs: 998d43c9fe4b6e28b49b302d9d2322c2 -> 
  custom:container-demuxer-ogg: 62fdf1f143b41e24485cea50d1cbac27 -> 
  custom:scripting/monoscript/fileName/Blur_General.cs: 8a0b661ffd1541e6ad3f246c6bdf6064 -> 
  custom:video-codec-MediaFoundation-h265: 746d11721c4dcdbdad8f713fa42b33f4 -> 
  custom:scripting/monoscript/fileName/FilterColor.cs: c7e03c267eff691012097878712f515f -> 
  custom:scripting/monoscript/fileName/WebCamStreamEditor.cs: 7ff0789dcbf9f051a9d8ec846158e2ba -> 
  custom:scripting/monoscript/fileName/FilterSaturation.cs: b7fec0f5c8362c4fb90fef7a3cd95114 -> 
  custom:video-decoder-ogg-theora: a1e56fd34408186e4bbccfd4996cb3dc -> 
  custom:framework-win-MediaFoundation: 216162199b28c13a410421893ffa2e32 -> 
  custom:scripting/monoscript/fileName/MSKController.cs: 329a38633d303c82e33ccda6c4b8945a -> 
  custom:scripting/monoscript/fileName/MSKControllerBase.cs: 3b3131690c1a2a5da542c610dd707e72 -> 
  custom:scripting/monoscript/fileName/MSKComponentBaseEditor.cs: 275a867f4c36146f6835259c27f4cc86 -> 
  custom:scripting/monoscript/fileName/MSKBridgeVideoPlayer.cs: 23ea9b98c8be82ba4011ee7c365782d5 -> 
  custom:CustomObjectIndexerAttribute: 9a22284fe3817be447336de3de66b15e -> 
  custom:scripting/monoscript/fileName/Blur_Simple.cs: 5b27881231d30e40969fe8a37b137bf8 -> 
  custom:scripting/monoscript/fileName/FilterContrast.cs: d6b3142fb580fa91da192f89b59a7efd -> 
  custom:scripting/monoscript/fileName/RenderTextureUtils.cs: 849547b237b0fb8e05adbc3d875f3e0a -> 
  custom:container-demuxer-webm: 4f35f7cbe854078d1ac9338744f61a02 -> 
  custom:scripting/monoscript/fileName/WebCamPlayerEditor.cs: 35fa70d5472cf4ed2a09ed8841245a40 -> 
  custom:scripting/monoscript/fileName/FilterHSBC.cs: abed7363c28ab4e39c46ca29c449c0bf -> 
  custom:scripting/monoscript/fileName/ChromaKey_BgColor.cs: ff79c54091a384a9f17d041e8b86dbef -> 
  custom:scripting/monoscript/fileName/WebCamPlayer.cs: ab9e6743a178280f9b1cb7fb2502280a -> 
  custom:container-muxer-webm: aa71ff27fc2769a1b78a27578f13a17b -> 
  custom:video-decoder-webm-vp8: 9c59270c3fd7afecdb556c50c9e8de78 -> 
  custom:scripting/monoscript/fileName/TargetRenderBaseEditor.cs: 884e2c9ba1f4c591a4be3b16e94fba5e -> 
  custom:SearchIndexIgnoredProperties: e643bd26f0fe6173181afceb89e7c659 -> 
  custom:AudioImporter_EditorPlatform: d09bf68614088b80899f8185d706f6e7 -> 
  custom:scripting/monoscript/fileName/FilterBrightness.cs: 3963794dd0d8c56a4d79f9d946364063 -> 
  custom:scripting/monoscript/fileName/MaskAlpha_Expert.cs: 9616cb22e95c50199495781447fa1e41 -> 
  custom:video-encoder-webm-vp8: eb34c28f22e8b96e1ab97ce403110664 -> 
  custom:audio-decoder-ogg-vorbis: bf7c407c2cedff20999df2af8eb42d56 -> 
  custom:scripting/monoscript/fileName/MaskAlpha_General.cs: eb48cce8dcc2d35737c4ec6ed20b1cc8 -> 
  custom:scripting/monoscript/fileName/WebCamStream.cs: 19da22c49c5df13f4dbdd979aad08efe -> 
  custom:scripting/monoscript/fileName/MSKBridgeWebCamPlayer.cs: c53fa13a9caf37fb3c221b4295873159 -> 
  custom:scripting/monoscript/fileName/MSKBridgeImage.cs: 45cffc4173ef79ea83298d852a467f5f -> 
  custom:audio-encoder-webm-vorbis: bf7c407c2cedff20999df2af8eb42d56 -> 
  custom:scripting/precompiled-assembly-types:Assembly-CSharp-Editor: a4afda7cddc5399c2adf3022dc9786b9 -> c43ab9b87697be09138a4d4ef369a2f4
  custom:scripting/monoscript/fileName/TargetRenderBase.cs: ede1e7ffe26e2bdaf1178000003a7cde -> 
  custom:scripting/monoscript/fileName/ChromaKey_Alpha_General.cs: 385319fb4a7056c216e19b2e8fd2d993 -> 
  custom:scripting/precompiled-assembly-types:Assembly-CSharp: fd4aa9dcc385f23025957af40729474f -> 019be45a1fb25a17605dd275f0018009
  custom:scripting/monoscript/fileName/MSKComponentBase.cs: 2ccbbe283ec48eefd1aeb9b05e8e9b5c -> 
  custom:scripting/monoscript/fileName/ChromaKey_BgTex.cs: 31d8b6121d339249db5b6b74f6e2ed5a -> 
  custom:scripting/monoscript/fileName/ChromaKey_Alpha_Simple.cs: 41af4aec3871671be2e3d1e6e2beb3fa -> 
========================================================================
Received Prepare
Caller must complete domain reload
Begin MonoManager ReloadAssembly
- Loaded All Assemblies, in  0.337 seconds
Native extension for WindowsStandalone target not found
Native extension for Android target not found
Native extension for WebGL target not found
Mono: successfully reloaded assembly
- Finished resetting the current domain, in  0.597 seconds
Domain Reload Profiling: 932ms
	BeginReloadAssembly (108ms)
		ExecutionOrderSort (0ms)
		DisableScriptedObjects (8ms)
		BackupInstance (0ms)
		ReleaseScriptingObjects (0ms)
		CreateAndSetChildDomain (21ms)
	RebuildCommonClasses (26ms)
	RebuildNativeTypeToScriptingClass (7ms)
	initialDomainReloadingComplete (22ms)
	LoadAllAssembliesAndSetupDomain (172ms)
		LoadAssemblies (204ms)
		RebuildTransferFunctionScriptingTraits (0ms)
		AnalyzeDomain (23ms)
			TypeCache.Refresh (11ms)
				TypeCache.ScanAssembly (3ms)
			ScanForSourceGeneratedMonoScriptInfo (6ms)
			ResolveRequiredComponents (6ms)
	FinalizeReload (597ms)
		ReleaseScriptCaches (0ms)
		RebuildScriptCaches (0ms)
		SetupLoadedEditorAssemblies (307ms)
			LogAssemblyErrors (0ms)
			InitializePlatformSupportModulesInManaged (18ms)
			SetLoadedEditorAssemblies (2ms)
			RefreshPlugins (0ms)
			BeforeProcessingInitializeOnLoad (46ms)
			ProcessInitializeOnLoadAttributes (221ms)
			ProcessInitializeOnLoadMethodAttributes (15ms)
			AfterProcessingInitializeOnLoad (4ms)
			EditorAssembliesLoaded (0ms)
		ExecutionOrderSort2 (0ms)
		AwakeInstancesAfterBackupRestoration (5ms)
Refreshing native plugins compatible for Editor in 6.62 ms, found 14 plugins.
Preloading 0 native plugins for Editor in 0.00 ms.
Unloading 3864 Unused Serialized files (Serialized files now loaded: 0)
Unloading 63 unused Assets / (1.3 MB). Loaded Objects now: 4546.
Memory consumption went from 153.8 MB to 152.6 MB.
Total: 2.627600 ms (FindLiveObjects: 0.239000 ms CreateObjectMapping: 0.098100 ms MarkObjects: 1.812200 ms  DeleteObjects: 0.477700 ms)

Prepare: number of updated asset objects reloaded= 0
AssetImportParameters requested are different than current active one (requested -> active):
  custom:scripting/monoscript/fileName/FilterHue.cs: e11ebd1453f02006250532b8fc94401c -> 
  custom:scripting/monoscript/fileName/MaskAlpha_Simple.cs: 998d43c9fe4b6e28b49b302d9d2322c2 -> 
  custom:container-demuxer-ogg: 62fdf1f143b41e24485cea50d1cbac27 -> 
  custom:scripting/monoscript/fileName/Blur_General.cs: 8a0b661ffd1541e6ad3f246c6bdf6064 -> 
  custom:video-codec-MediaFoundation-h265: 746d11721c4dcdbdad8f713fa42b33f4 -> 
  custom:scripting/monoscript/fileName/FilterColor.cs: c7e03c267eff691012097878712f515f -> 
  custom:scripting/monoscript/fileName/WebCamStreamEditor.cs: 7ff0789dcbf9f051a9d8ec846158e2ba -> 
  custom:scripting/monoscript/fileName/FilterSaturation.cs: b7fec0f5c8362c4fb90fef7a3cd95114 -> 
  custom:video-decoder-ogg-theora: a1e56fd34408186e4bbccfd4996cb3dc -> 
  custom:framework-win-MediaFoundation: 216162199b28c13a410421893ffa2e32 -> 
  custom:scripting/monoscript/fileName/MSKController.cs: 329a38633d303c82e33ccda6c4b8945a -> 
  custom:scripting/monoscript/fileName/MSKControllerBase.cs: 3b3131690c1a2a5da542c610dd707e72 -> 
  custom:scripting/monoscript/fileName/MSKComponentBaseEditor.cs: 275a867f4c36146f6835259c27f4cc86 -> 
  custom:scripting/monoscript/fileName/MSKBridgeVideoPlayer.cs: 23ea9b98c8be82ba4011ee7c365782d5 -> 
  custom:CustomObjectIndexerAttribute: 9a22284fe3817be447336de3de66b15e -> 
  custom:scripting/monoscript/fileName/Blur_Simple.cs: 5b27881231d30e40969fe8a37b137bf8 -> 
  custom:scripting/monoscript/fileName/FilterContrast.cs: d6b3142fb580fa91da192f89b59a7efd -> 
  custom:scripting/monoscript/fileName/RenderTextureUtils.cs: 849547b237b0fb8e05adbc3d875f3e0a -> 
  custom:container-demuxer-webm: 4f35f7cbe854078d1ac9338744f61a02 -> 
  custom:scripting/monoscript/fileName/WebCamPlayerEditor.cs: 35fa70d5472cf4ed2a09ed8841245a40 -> 
  custom:scripting/monoscript/fileName/FilterHSBC.cs: abed7363c28ab4e39c46ca29c449c0bf -> 
  custom:scripting/monoscript/fileName/ChromaKey_BgColor.cs: ff79c54091a384a9f17d041e8b86dbef -> 
  custom:scripting/monoscript/fileName/WebCamPlayer.cs: ab9e6743a178280f9b1cb7fb2502280a -> 
  custom:container-muxer-webm: aa71ff27fc2769a1b78a27578f13a17b -> 
  custom:video-decoder-webm-vp8: 9c59270c3fd7afecdb556c50c9e8de78 -> 
  custom:scripting/monoscript/fileName/TargetRenderBaseEditor.cs: 884e2c9ba1f4c591a4be3b16e94fba5e -> 
  custom:SearchIndexIgnoredProperties: e643bd26f0fe6173181afceb89e7c659 -> 
  custom:AudioImporter_EditorPlatform: d09bf68614088b80899f8185d706f6e7 -> 
  custom:scripting/monoscript/fileName/FilterBrightness.cs: 3963794dd0d8c56a4d79f9d946364063 -> 
  custom:scripting/monoscript/fileName/MaskAlpha_Expert.cs: 9616cb22e95c50199495781447fa1e41 -> 
  custom:video-encoder-webm-vp8: eb34c28f22e8b96e1ab97ce403110664 -> 
  custom:audio-decoder-ogg-vorbis: bf7c407c2cedff20999df2af8eb42d56 -> 
  custom:scripting/monoscript/fileName/MaskAlpha_General.cs: eb48cce8dcc2d35737c4ec6ed20b1cc8 -> 
  custom:scripting/monoscript/fileName/WebCamStream.cs: 19da22c49c5df13f4dbdd979aad08efe -> 
  custom:scripting/monoscript/fileName/MSKBridgeWebCamPlayer.cs: c53fa13a9caf37fb3c221b4295873159 -> 
  custom:scripting/monoscript/fileName/MSKBridgeImage.cs: 45cffc4173ef79ea83298d852a467f5f -> 
  custom:audio-encoder-webm-vorbis: bf7c407c2cedff20999df2af8eb42d56 -> 
  custom:scripting/precompiled-assembly-types:Assembly-CSharp-Editor: a4afda7cddc5399c2adf3022dc9786b9 -> c43ab9b87697be09138a4d4ef369a2f4
  custom:scripting/monoscript/fileName/TargetRenderBase.cs: ede1e7ffe26e2bdaf1178000003a7cde -> 
  custom:scripting/monoscript/fileName/ChromaKey_Alpha_General.cs: 385319fb4a7056c216e19b2e8fd2d993 -> 
  custom:scripting/precompiled-assembly-types:Assembly-CSharp: fd4aa9dcc385f23025957af40729474f -> 019be45a1fb25a17605dd275f0018009
  custom:scripting/monoscript/fileName/MSKComponentBase.cs: 2ccbbe283ec48eefd1aeb9b05e8e9b5c -> 
  custom:scripting/monoscript/fileName/ChromaKey_BgTex.cs: 31d8b6121d339249db5b6b74f6e2ed5a -> 
  custom:scripting/monoscript/fileName/ChromaKey_Alpha_Simple.cs: 41af4aec3871671be2e3d1e6e2beb3fa -> 
========================================================================
Received Prepare
Caller must complete domain reload
Begin MonoManager ReloadAssembly
- Loaded All Assemblies, in  0.333 seconds
Native extension for WindowsStandalone target not found
Native extension for Android target not found
Native extension for WebGL target not found
Mono: successfully reloaded assembly
- Finished resetting the current domain, in  0.557 seconds
Domain Reload Profiling: 889ms
	BeginReloadAssembly (109ms)
		ExecutionOrderSort (0ms)
		DisableScriptedObjects (4ms)
		BackupInstance (0ms)
		ReleaseScriptingObjects (0ms)
		CreateAndSetChildDomain (23ms)
	RebuildCommonClasses (23ms)
	RebuildNativeTypeToScriptingClass (7ms)
	initialDomainReloadingComplete (22ms)
	LoadAllAssembliesAndSetupDomain (171ms)
		LoadAssemblies (203ms)
		RebuildTransferFunctionScriptingTraits (0ms)
		AnalyzeDomain (24ms)
			TypeCache.Refresh (12ms)
				TypeCache.ScanAssembly (4ms)
			ScanForSourceGeneratedMonoScriptInfo (5ms)
			ResolveRequiredComponents (5ms)
	FinalizeReload (558ms)
		ReleaseScriptCaches (0ms)
		RebuildScriptCaches (0ms)
		SetupLoadedEditorAssemblies (271ms)
			LogAssemblyErrors (0ms)
			InitializePlatformSupportModulesInManaged (14ms)
			SetLoadedEditorAssemblies (2ms)
			RefreshPlugins (0ms)
			BeforeProcessingInitializeOnLoad (41ms)
			ProcessInitializeOnLoadAttributes (196ms)
			ProcessInitializeOnLoadMethodAttributes (14ms)
			AfterProcessingInitializeOnLoad (3ms)
			EditorAssembliesLoaded (0ms)
		ExecutionOrderSort2 (0ms)
		AwakeInstancesAfterBackupRestoration (4ms)
Refreshing native plugins compatible for Editor in 6.81 ms, found 14 plugins.
Preloading 0 native plugins for Editor in 0.00 ms.
Unloading 3865 Unused Serialized files (Serialized files now loaded: 0)
Unloading 63 unused Assets / (1.3 MB). Loaded Objects now: 4551.
Memory consumption went from 153.8 MB to 152.6 MB.
Total: 2.675400 ms (FindLiveObjects: 0.225700 ms CreateObjectMapping: 0.090000 ms MarkObjects: 1.851100 ms  DeleteObjects: 0.508000 ms)

Prepare: number of updated asset objects reloaded= 0
AssetImportParameters requested are different than current active one (requested -> active):
  custom:scripting/monoscript/fileName/FilterHue.cs: e11ebd1453f02006250532b8fc94401c -> 
  custom:scripting/monoscript/fileName/MaskAlpha_Simple.cs: 998d43c9fe4b6e28b49b302d9d2322c2 -> 
  custom:container-demuxer-ogg: 62fdf1f143b41e24485cea50d1cbac27 -> 
  custom:scripting/monoscript/fileName/Blur_General.cs: 8a0b661ffd1541e6ad3f246c6bdf6064 -> 
  custom:video-codec-MediaFoundation-h265: 746d11721c4dcdbdad8f713fa42b33f4 -> 
  custom:scripting/monoscript/fileName/FilterColor.cs: c7e03c267eff691012097878712f515f -> 
  custom:scripting/monoscript/fileName/WebCamStreamEditor.cs: 7ff0789dcbf9f051a9d8ec846158e2ba -> 
  custom:scripting/monoscript/fileName/FilterSaturation.cs: b7fec0f5c8362c4fb90fef7a3cd95114 -> 
  custom:video-decoder-ogg-theora: a1e56fd34408186e4bbccfd4996cb3dc -> 
  custom:framework-win-MediaFoundation: 216162199b28c13a410421893ffa2e32 -> 
  custom:scripting/monoscript/fileName/MSKController.cs: 329a38633d303c82e33ccda6c4b8945a -> 
  custom:scripting/monoscript/fileName/MSKControllerBase.cs: 3b3131690c1a2a5da542c610dd707e72 -> 
  custom:scripting/monoscript/fileName/MSKComponentBaseEditor.cs: 275a867f4c36146f6835259c27f4cc86 -> 
  custom:scripting/monoscript/fileName/MSKBridgeVideoPlayer.cs: 23ea9b98c8be82ba4011ee7c365782d5 -> 
  custom:CustomObjectIndexerAttribute: 9a22284fe3817be447336de3de66b15e -> 
  custom:scripting/monoscript/fileName/Blur_Simple.cs: 5b27881231d30e40969fe8a37b137bf8 -> 
  custom:scripting/monoscript/fileName/FilterContrast.cs: d6b3142fb580fa91da192f89b59a7efd -> 
  custom:scripting/monoscript/fileName/RenderTextureUtils.cs: 849547b237b0fb8e05adbc3d875f3e0a -> 
  custom:container-demuxer-webm: 4f35f7cbe854078d1ac9338744f61a02 -> 
  custom:scripting/monoscript/fileName/WebCamPlayerEditor.cs: 35fa70d5472cf4ed2a09ed8841245a40 -> 
  custom:scripting/monoscript/fileName/FilterHSBC.cs: abed7363c28ab4e39c46ca29c449c0bf -> 
  custom:scripting/monoscript/fileName/ChromaKey_BgColor.cs: ff79c54091a384a9f17d041e8b86dbef -> 
  custom:scripting/monoscript/fileName/WebCamPlayer.cs: ab9e6743a178280f9b1cb7fb2502280a -> 
  custom:container-muxer-webm: aa71ff27fc2769a1b78a27578f13a17b -> 
  custom:video-decoder-webm-vp8: 9c59270c3fd7afecdb556c50c9e8de78 -> 
  custom:scripting/monoscript/fileName/TargetRenderBaseEditor.cs: 884e2c9ba1f4c591a4be3b16e94fba5e -> 
  custom:SearchIndexIgnoredProperties: e643bd26f0fe6173181afceb89e7c659 -> 
  custom:AudioImporter_EditorPlatform: d09bf68614088b80899f8185d706f6e7 -> 
  custom:scripting/monoscript/fileName/FilterBrightness.cs: 3963794dd0d8c56a4d79f9d946364063 -> 
  custom:scripting/monoscript/fileName/MaskAlpha_Expert.cs: 9616cb22e95c50199495781447fa1e41 -> 
  custom:video-encoder-webm-vp8: eb34c28f22e8b96e1ab97ce403110664 -> 
  custom:audio-decoder-ogg-vorbis: bf7c407c2cedff20999df2af8eb42d56 -> 
  custom:scripting/monoscript/fileName/MaskAlpha_General.cs: eb48cce8dcc2d35737c4ec6ed20b1cc8 -> 
  custom:scripting/monoscript/fileName/WebCamStream.cs: 19da22c49c5df13f4dbdd979aad08efe -> 
  custom:scripting/monoscript/fileName/MSKBridgeWebCamPlayer.cs: c53fa13a9caf37fb3c221b4295873159 -> 
  custom:scripting/monoscript/fileName/MSKBridgeImage.cs: 45cffc4173ef79ea83298d852a467f5f -> 
  custom:audio-encoder-webm-vorbis: bf7c407c2cedff20999df2af8eb42d56 -> 
  custom:scripting/precompiled-assembly-types:Assembly-CSharp-Editor: a4afda7cddc5399c2adf3022dc9786b9 -> c43ab9b87697be09138a4d4ef369a2f4
  custom:scripting/monoscript/fileName/TargetRenderBase.cs: ede1e7ffe26e2bdaf1178000003a7cde -> 
  custom:scripting/monoscript/fileName/ChromaKey_Alpha_General.cs: 385319fb4a7056c216e19b2e8fd2d993 -> 
  custom:scripting/monoscript/fileName/WebCamCorrection.cs: 7082bcd1c59e7e2729055cf686e9496c -> 
  custom:scripting/precompiled-assembly-types:Assembly-CSharp: f507296485793f596843d123fd334698 -> 019be45a1fb25a17605dd275f0018009
  custom:scripting/monoscript/fileName/MSKComponentBase.cs: 2ccbbe283ec48eefd1aeb9b05e8e9b5c -> 
  custom:scripting/monoscript/fileName/ChromaKey_BgTex.cs: 31d8b6121d339249db5b6b74f6e2ed5a -> 
  custom:scripting/monoscript/fileName/ChromaKey_Alpha_Simple.cs: 41af4aec3871671be2e3d1e6e2beb3fa -> 
========================================================================
Received Prepare
Caller must complete domain reload
Begin MonoManager ReloadAssembly
- Loaded All Assemblies, in  0.538 seconds
Native extension for WindowsStandalone target not found
Native extension for Android target not found
Native extension for WebGL target not found
Mono: successfully reloaded assembly
- Finished resetting the current domain, in  1.064 seconds
Domain Reload Profiling: 1600ms
	BeginReloadAssembly (157ms)
		ExecutionOrderSort (0ms)
		DisableScriptedObjects (7ms)
		BackupInstance (0ms)
		ReleaseScriptingObjects (0ms)
		CreateAndSetChildDomain (28ms)
	RebuildCommonClasses (36ms)
	RebuildNativeTypeToScriptingClass (13ms)
	initialDomainReloadingComplete (34ms)
	LoadAllAssembliesAndSetupDomain (296ms)
		LoadAssemblies (359ms)
		RebuildTransferFunctionScriptingTraits (0ms)
		AnalyzeDomain (35ms)
			TypeCache.Refresh (15ms)
				TypeCache.ScanAssembly (5ms)
			ScanForSourceGeneratedMonoScriptInfo (7ms)
			ResolveRequiredComponents (9ms)
	FinalizeReload (1065ms)
		ReleaseScriptCaches (0ms)
		RebuildScriptCaches (0ms)
		SetupLoadedEditorAssemblies (463ms)
			LogAssemblyErrors (0ms)
			InitializePlatformSupportModulesInManaged (22ms)
			SetLoadedEditorAssemblies (3ms)
			RefreshPlugins (0ms)
			BeforeProcessingInitializeOnLoad (64ms)
			ProcessInitializeOnLoadAttributes (338ms)
			ProcessInitializeOnLoadMethodAttributes (26ms)
			AfterProcessingInitializeOnLoad (9ms)
			EditorAssembliesLoaded (0ms)
		ExecutionOrderSort2 (0ms)
		AwakeInstancesAfterBackupRestoration (19ms)
Refreshing native plugins compatible for Editor in 16.64 ms, found 14 plugins.
Preloading 0 native plugins for Editor in 0.00 ms.
Unloading 3865 Unused Serialized files (Serialized files now loaded: 0)
Unloading 63 unused Assets / (1.3 MB). Loaded Objects now: 4555.
Memory consumption went from 153.8 MB to 152.6 MB.
Total: 4.072700 ms (FindLiveObjects: 0.319900 ms CreateObjectMapping: 0.117100 ms MarkObjects: 2.908700 ms  DeleteObjects: 0.725400 ms)

Prepare: number of updated asset objects reloaded= 0
AssetImportParameters requested are different than current active one (requested -> active):
  custom:scripting/monoscript/fileName/FilterHue.cs: e11ebd1453f02006250532b8fc94401c -> 
  custom:scripting/monoscript/fileName/MaskAlpha_Simple.cs: 998d43c9fe4b6e28b49b302d9d2322c2 -> 
  custom:container-demuxer-ogg: 62fdf1f143b41e24485cea50d1cbac27 -> 
  custom:scripting/monoscript/fileName/Blur_General.cs: 8a0b661ffd1541e6ad3f246c6bdf6064 -> 
  custom:video-codec-MediaFoundation-h265: 746d11721c4dcdbdad8f713fa42b33f4 -> 
  custom:scripting/monoscript/fileName/FilterColor.cs: c7e03c267eff691012097878712f515f -> 
  custom:scripting/monoscript/fileName/WebCamStreamEditor.cs: 7ff0789dcbf9f051a9d8ec846158e2ba -> 
  custom:scripting/monoscript/fileName/FilterSaturation.cs: b7fec0f5c8362c4fb90fef7a3cd95114 -> 
  custom:video-decoder-ogg-theora: a1e56fd34408186e4bbccfd4996cb3dc -> 
  custom:framework-win-MediaFoundation: 216162199b28c13a410421893ffa2e32 -> 
  custom:scripting/monoscript/fileName/MSKController.cs: 329a38633d303c82e33ccda6c4b8945a -> 
  custom:scripting/monoscript/fileName/MSKControllerBase.cs: 3b3131690c1a2a5da542c610dd707e72 -> 
  custom:scripting/monoscript/fileName/MSKComponentBaseEditor.cs: 275a867f4c36146f6835259c27f4cc86 -> 
  custom:scripting/monoscript/fileName/MSKBridgeVideoPlayer.cs: 23ea9b98c8be82ba4011ee7c365782d5 -> 
  custom:CustomObjectIndexerAttribute: 9a22284fe3817be447336de3de66b15e -> 
  custom:scripting/monoscript/fileName/Blur_Simple.cs: 5b27881231d30e40969fe8a37b137bf8 -> 
  custom:scripting/monoscript/fileName/FilterContrast.cs: d6b3142fb580fa91da192f89b59a7efd -> 
  custom:scripting/monoscript/fileName/RenderTextureUtils.cs: 849547b237b0fb8e05adbc3d875f3e0a -> 
  custom:container-demuxer-webm: 4f35f7cbe854078d1ac9338744f61a02 -> 
  custom:scripting/monoscript/fileName/WebCamPlayerEditor.cs: 35fa70d5472cf4ed2a09ed8841245a40 -> 
  custom:scripting/monoscript/fileName/FilterHSBC.cs: abed7363c28ab4e39c46ca29c449c0bf -> 
  custom:scripting/monoscript/fileName/ChromaKey_BgColor.cs: ff79c54091a384a9f17d041e8b86dbef -> 
  custom:scripting/monoscript/fileName/WebCamPlayer.cs: ab9e6743a178280f9b1cb7fb2502280a -> 
  custom:container-muxer-webm: aa71ff27fc2769a1b78a27578f13a17b -> 
  custom:video-decoder-webm-vp8: 9c59270c3fd7afecdb556c50c9e8de78 -> 
  custom:scripting/monoscript/fileName/TargetRenderBaseEditor.cs: 884e2c9ba1f4c591a4be3b16e94fba5e -> 
  custom:SearchIndexIgnoredProperties: e643bd26f0fe6173181afceb89e7c659 -> 
  custom:AudioImporter_EditorPlatform: d09bf68614088b80899f8185d706f6e7 -> 
  custom:scripting/monoscript/fileName/FilterBrightness.cs: 3963794dd0d8c56a4d79f9d946364063 -> 
  custom:scripting/monoscript/fileName/MaskAlpha_Expert.cs: 9616cb22e95c50199495781447fa1e41 -> 
  custom:video-encoder-webm-vp8: eb34c28f22e8b96e1ab97ce403110664 -> 
  custom:audio-decoder-ogg-vorbis: bf7c407c2cedff20999df2af8eb42d56 -> 
  custom:scripting/monoscript/fileName/MaskAlpha_General.cs: eb48cce8dcc2d35737c4ec6ed20b1cc8 -> 
  custom:scripting/monoscript/fileName/WebCamStream.cs: 19da22c49c5df13f4dbdd979aad08efe -> 
  custom:scripting/monoscript/fileName/MSKBridgeWebCamPlayer.cs: c53fa13a9caf37fb3c221b4295873159 -> 
  custom:scripting/monoscript/fileName/MSKBridgeImage.cs: 45cffc4173ef79ea83298d852a467f5f -> 
  custom:audio-encoder-webm-vorbis: bf7c407c2cedff20999df2af8eb42d56 -> 
  custom:scripting/precompiled-assembly-types:Assembly-CSharp-Editor: a4afda7cddc5399c2adf3022dc9786b9 -> c43ab9b87697be09138a4d4ef369a2f4
  custom:scripting/monoscript/fileName/TargetRenderBase.cs: ede1e7ffe26e2bdaf1178000003a7cde -> 
  custom:scripting/monoscript/fileName/ChromaKey_Alpha_General.cs: 385319fb4a7056c216e19b2e8fd2d993 -> 
  custom:scripting/monoscript/fileName/WebCamCorrection.cs: 7082bcd1c59e7e2729055cf686e9496c -> 
  custom:scripting/precompiled-assembly-types:Assembly-CSharp: f507296485793f596843d123fd334698 -> 019be45a1fb25a17605dd275f0018009
  custom:scripting/monoscript/fileName/MSKComponentBase.cs: 2ccbbe283ec48eefd1aeb9b05e8e9b5c -> 
  custom:scripting/monoscript/fileName/ChromaKey_BgTex.cs: 31d8b6121d339249db5b6b74f6e2ed5a -> 
  custom:scripting/monoscript/fileName/ChromaKey_Alpha_Simple.cs: 41af4aec3871671be2e3d1e6e2beb3fa -> 
========================================================================
Received Import Request.
  Time since last request: 3509.363027 seconds.
  path: Assets/K2Examples/KinectDemos/FittingRoomDemo/Resources/Models/Materials/03 - Default.mat
  artifactKey: Guid(fc38e3ade8553df46868aa58e1ad59fd) Importer(815301076,1909f56bfc062723c751e8b465ee728b)
Start importing Assets/K2Examples/KinectDemos/FittingRoomDemo/Resources/Models/Materials/03 - Default.mat using Guid(fc38e3ade8553df46868aa58e1ad59fd) Importer(815301076,1909f56bfc062723c751e8b465ee728b) [PhysX] Initialized MultithreadedTaskDispatcher with 16 workers.
[PhysX] Initialized MultithreadedTaskDispatcher with 16 workers.
 -> (artifact id: '6f7fb4f462935eecad4959dc49dc40b5') in 0.232639 seconds
Number of updated asset objects reloaded before import = 0
Number of asset objects unloaded after import = 1
========================================================================
Received Import Request.
  Time since last request: 0.000019 seconds.
  path: Assets/K2Examples/KinectDemos/AvatarsDemo/Cubeman/Materials/CubeMap.mat
  artifactKey: Guid(96fab79365c641c47b45548e8e42d086) Importer(815301076,1909f56bfc062723c751e8b465ee728b)
Start importing Assets/K2Examples/KinectDemos/AvatarsDemo/Cubeman/Materials/CubeMap.mat using Guid(96fab79365c641c47b45548e8e42d086) Importer(815301076,1909f56bfc062723c751e8b465ee728b) [PhysX] Initialized MultithreadedTaskDispatcher with 16 workers.
[PhysX] Initialized MultithreadedTaskDispatcher with 16 workers.
 -> (artifact id: '3e26a41b1de9ce2069547267b6eb7ec6') in 0.048642 seconds
Number of updated asset objects reloaded before import = 0
Number of asset objects unloaded after import = 2
========================================================================
Received Import Request.
  Time since last request: 0.000028 seconds.
  path: Assets/TextMesh Pro/Resources/Fonts & Materials/LiberationSans SDF - Outline.mat
  artifactKey: Guid(79459efec17a4d00a321bdcc27bbc385) Importer(815301076,1909f56bfc062723c751e8b465ee728b)
Start importing Assets/TextMesh Pro/Resources/Fonts & Materials/LiberationSans SDF - Outline.mat using Guid(79459efec17a4d00a321bdcc27bbc385) Importer(815301076,1909f56bfc062723c751e8b465ee728b) [PhysX] Initialized MultithreadedTaskDispatcher with 16 workers.
[PhysX] Initialized MultithreadedTaskDispatcher with 16 workers.
 -> (artifact id: '88ac6a0a3916ce869850f5090256f253') in 0.051765 seconds
Number of updated asset objects reloaded before import = 0
Number of asset objects unloaded after import = 2
========================================================================
Received Import Request.
  Time since last request: 0.000017 seconds.
  path: Assets/K2Examples/KinectDemos/VisualizerDemo/Materials/MeshFloorMaterial.mat
  artifactKey: Guid(3943d24a13580d3428eee97b46e7c595) Importer(815301076,1909f56bfc062723c751e8b465ee728b)
Start importing Assets/K2Examples/KinectDemos/VisualizerDemo/Materials/MeshFloorMaterial.mat using Guid(3943d24a13580d3428eee97b46e7c595) Importer(815301076,1909f56bfc062723c751e8b465ee728b) [PhysX] Initialized MultithreadedTaskDispatcher with 16 workers.
[PhysX] Initialized MultithreadedTaskDispatcher with 16 workers.
 -> (artifact id: '2036aa9140c89c45fc308e05f94f0c0c') in 0.006276 seconds
Number of updated asset objects reloaded before import = 0
Number of asset objects unloaded after import = 2
========================================================================
Received Import Request.
  Time since last request: 0.000021 seconds.
  path: Assets/K2Examples/KinectDemos/FaceTrackingDemo/Models/FaceViewMat.mat
  artifactKey: Guid(887173ab65dd02a48ac9e47e60d16a3a) Importer(815301076,1909f56bfc062723c751e8b465ee728b)
Start importing Assets/K2Examples/KinectDemos/FaceTrackingDemo/Models/FaceViewMat.mat using Guid(887173ab65dd02a48ac9e47e60d16a3a) Importer(815301076,1909f56bfc062723c751e8b465ee728b) [PhysX] Initialized MultithreadedTaskDispatcher with 16 workers.
[PhysX] Initialized MultithreadedTaskDispatcher with 16 workers.
 -> (artifact id: 'b75814d2dba2097b6523055d39427053') in 0.005752 seconds
Number of updated asset objects reloaded before import = 0
Number of asset objects unloaded after import = 1
========================================================================
Received Import Request.
  Time since last request: 0.000016 seconds.
  path: Assets/K2Examples/KinectDemos/AvatarsDemo/Cubeman/ColorMaterial.mat
  artifactKey: Guid(fe88cedb1a2428d44afa801a6b6b3d98) Importer(815301076,1909f56bfc062723c751e8b465ee728b)
Start importing Assets/K2Examples/KinectDemos/AvatarsDemo/Cubeman/ColorMaterial.mat using Guid(fe88cedb1a2428d44afa801a6b6b3d98) Importer(815301076,1909f56bfc062723c751e8b465ee728b) [PhysX] Initialized MultithreadedTaskDispatcher with 16 workers.
[PhysX] Initialized MultithreadedTaskDispatcher with 16 workers.
 -> (artifact id: 'b68f50edd64fed2d2ed04282af72a1df') in 0.005601 seconds
Number of updated asset objects reloaded before import = 0
Number of asset objects unloaded after import = 2
========================================================================
Received Import Request.
  Time since last request: 0.000028 seconds.
  path: Assets/K2Examples/KinectDemos/RecorderDemo/Materials/CubemanMaterial.mat
  artifactKey: Guid(6b684e75b53722c49988eeca9040edba) Importer(815301076,1909f56bfc062723c751e8b465ee728b)
Start importing Assets/K2Examples/KinectDemos/RecorderDemo/Materials/CubemanMaterial.mat using Guid(6b684e75b53722c49988eeca9040edba) Importer(815301076,1909f56bfc062723c751e8b465ee728b) [PhysX] Initialized MultithreadedTaskDispatcher with 16 workers.
[PhysX] Initialized MultithreadedTaskDispatcher with 16 workers.
 -> (artifact id: '12aefd37ea2d1ca91e3a5875ff79594e') in 0.005681 seconds
Number of updated asset objects reloaded before import = 0
Number of asset objects unloaded after import = 1
========================================================================
Received Import Request.
  Time since last request: 0.000025 seconds.
  path: Assets/K2Examples/KinectDemos/GesturesDemo/Materials/matBlue.mat
  artifactKey: Guid(1a6a33d8abf19534d8588e3a9a949606) Importer(815301076,1909f56bfc062723c751e8b465ee728b)
Start importing Assets/K2Examples/KinectDemos/GesturesDemo/Materials/matBlue.mat using Guid(1a6a33d8abf19534d8588e3a9a949606) Importer(815301076,1909f56bfc062723c751e8b465ee728b) [PhysX] Initialized MultithreadedTaskDispatcher with 16 workers.
[PhysX] Initialized MultithreadedTaskDispatcher with 16 workers.
 -> (artifact id: 'f34e39c1f81bd6d11b61a0ee83fad3d8') in 0.007310 seconds
Number of updated asset objects reloaded before import = 0
Number of asset objects unloaded after import = 1
========================================================================
Received Import Request.
  Time since last request: 0.000051 seconds.
  path: Assets/K2Examples/KinectDemos/GesturesDemo/Materials/FloorMatWood.mat
  artifactKey: Guid(63e39626884a33742946b1c3afb38a09) Importer(815301076,1909f56bfc062723c751e8b465ee728b)
Start importing Assets/K2Examples/KinectDemos/GesturesDemo/Materials/FloorMatWood.mat using Guid(63e39626884a33742946b1c3afb38a09) Importer(815301076,1909f56bfc062723c751e8b465ee728b) [PhysX] Initialized MultithreadedTaskDispatcher with 16 workers.
[PhysX] Initialized MultithreadedTaskDispatcher with 16 workers.
 -> (artifact id: '6aed8853797be71d628c85b42aeb8d4d') in 0.006875 seconds
Number of updated asset objects reloaded before import = 0
Number of asset objects unloaded after import = 2
========================================================================
Received Import Request.
  Time since last request: 0.000028 seconds.
  path: Assets/K2Examples/KinectDemos/FittingRoomDemo/Resources/Models/Materials/08 - Default.mat
  artifactKey: Guid(99ca01bdd92b0d440817efec0b3acc31) Importer(815301076,1909f56bfc062723c751e8b465ee728b)
Start importing Assets/K2Examples/KinectDemos/FittingRoomDemo/Resources/Models/Materials/08 - Default.mat using Guid(99ca01bdd92b0d440817efec0b3acc31) Importer(815301076,1909f56bfc062723c751e8b465ee728b) [PhysX] Initialized MultithreadedTaskDispatcher with 16 workers.
[PhysX] Initialized MultithreadedTaskDispatcher with 16 workers.
 -> (artifact id: 'af391e9b39542c655d3a19031e4e391c') in 0.006932 seconds
Number of updated asset objects reloaded before import = 0
Number of asset objects unloaded after import = 1
========================================================================
Received Import Request.
  Time since last request: 0.000016 seconds.
  path: Assets/K2Examples/KinectDemos/SpeechRecognitionDemo/Props/Materials/Floor Tiles Material.mat
  artifactKey: Guid(bb7938875e97c9b44b6b3124713391ca) Importer(815301076,1909f56bfc062723c751e8b465ee728b)
Start importing Assets/K2Examples/KinectDemos/SpeechRecognitionDemo/Props/Materials/Floor Tiles Material.mat using Guid(bb7938875e97c9b44b6b3124713391ca) Importer(815301076,1909f56bfc062723c751e8b465ee728b) [PhysX] Initialized MultithreadedTaskDispatcher with 16 workers.
[PhysX] Initialized MultithreadedTaskDispatcher with 16 workers.
 -> (artifact id: '288b3820f239bf15686cba0db5ddec81') in 0.006544 seconds
Number of updated asset objects reloaded before import = 0
Number of asset objects unloaded after import = 2
========================================================================
Received Import Request.
  Time since last request: 0.000019 seconds.
  path: Assets/K2Examples/KinectDemos/GesturesDemo/Materials/JointMatO.mat
  artifactKey: Guid(9805770897e6020429e910235b7ef250) Importer(815301076,1909f56bfc062723c751e8b465ee728b)
Start importing Assets/K2Examples/KinectDemos/GesturesDemo/Materials/JointMatO.mat using Guid(9805770897e6020429e910235b7ef250) Importer(815301076,1909f56bfc062723c751e8b465ee728b) [PhysX] Initialized MultithreadedTaskDispatcher with 16 workers.
[PhysX] Initialized MultithreadedTaskDispatcher with 16 workers.
 -> (artifact id: '5b93b2892c56c3163fb86ceeb17fd3c6') in 0.007219 seconds
Number of updated asset objects reloaded before import = 0
Number of asset objects unloaded after import = 1
========================================================================
Received Import Request.
  Time since last request: 0.000022 seconds.
  path: Assets/K2Examples/KinectDemos/GesturesDemo/Materials/matOrange.mat
  artifactKey: Guid(0afe6f4b5ffe46044818729cfc3f6d98) Importer(815301076,1909f56bfc062723c751e8b465ee728b)
Start importing Assets/K2Examples/KinectDemos/GesturesDemo/Materials/matOrange.mat using Guid(0afe6f4b5ffe46044818729cfc3f6d98) Importer(815301076,1909f56bfc062723c751e8b465ee728b) [PhysX] Initialized MultithreadedTaskDispatcher with 16 workers.
[PhysX] Initialized MultithreadedTaskDispatcher with 16 workers.
 -> (artifact id: 'f7e683854d3d65700144cc9d19903b18') in 0.005779 seconds
Number of updated asset objects reloaded before import = 0
Number of asset objects unloaded after import = 1
========================================================================
Received Import Request.
  Time since last request: 0.000015 seconds.
  path: Assets/K2Examples/KinectDemos/SpeechRecognitionDemo/Props/Materials/mat_propCrate.mat
  artifactKey: Guid(b42ce3ac894cea3408dd18579ee8ccdc) Importer(815301076,1909f56bfc062723c751e8b465ee728b)
Start importing Assets/K2Examples/KinectDemos/SpeechRecognitionDemo/Props/Materials/mat_propCrate.mat using Guid(b42ce3ac894cea3408dd18579ee8ccdc) Importer(815301076,1909f56bfc062723c751e8b465ee728b) [PhysX] Initialized MultithreadedTaskDispatcher with 16 workers.
[PhysX] Initialized MultithreadedTaskDispatcher with 16 workers.
 -> (artifact id: '012f7da123f126463b6ed863b363604b') in 0.006594 seconds
Number of updated asset objects reloaded before import = 0
Number of asset objects unloaded after import = 2
========================================================================
Received Import Request.
  Time since last request: 0.000016 seconds.
  path: Assets/K2Examples/KinectDemos/FittingRoomDemo/Resources/Models/Materials/No Name.mat
  artifactKey: Guid(2d9f611dffe7f8a41a36b817b03d5449) Importer(815301076,1909f56bfc062723c751e8b465ee728b)
Start importing Assets/K2Examples/KinectDemos/FittingRoomDemo/Resources/Models/Materials/No Name.mat using Guid(2d9f611dffe7f8a41a36b817b03d5449) Importer(815301076,1909f56bfc062723c751e8b465ee728b) [PhysX] Initialized MultithreadedTaskDispatcher with 16 workers.
[PhysX] Initialized MultithreadedTaskDispatcher with 16 workers.
 -> (artifact id: '0c3eb0045fc2d840051143feee31b42b') in 0.180688 seconds
Number of updated asset objects reloaded before import = 0
Number of asset objects unloaded after import = 1
========================================================================
Received Import Request.
  Time since last request: 0.000028 seconds.
  path: Assets/K2Examples/KinectDemos/GesturesDemo/Materials/matRed.mat
  artifactKey: Guid(bff2620c05d815f46bdeac359a28346a) Importer(815301076,1909f56bfc062723c751e8b465ee728b)
Start importing Assets/K2Examples/KinectDemos/GesturesDemo/Materials/matRed.mat using Guid(bff2620c05d815f46bdeac359a28346a) Importer(815301076,1909f56bfc062723c751e8b465ee728b) [PhysX] Initialized MultithreadedTaskDispatcher with 16 workers.
[PhysX] Initialized MultithreadedTaskDispatcher with 16 workers.
 -> (artifact id: 'cd3b71096ee54839102081f112860e49') in 0.005112 seconds
Number of updated asset objects reloaded before import = 0
Number of asset objects unloaded after import = 1
========================================================================
Received Import Request.
  Time since last request: 0.000026 seconds.
  path: Assets/K2Examples/KinectDemos/InteractionDemo/Materials/greenMaterial.mat
  artifactKey: Guid(ec17cf42f9cca574487f91b4d551b832) Importer(815301076,1909f56bfc062723c751e8b465ee728b)
Start importing Assets/K2Examples/KinectDemos/InteractionDemo/Materials/greenMaterial.mat using Guid(ec17cf42f9cca574487f91b4d551b832) Importer(815301076,1909f56bfc062723c751e8b465ee728b) [PhysX] Initialized MultithreadedTaskDispatcher with 16 workers.
[PhysX] Initialized MultithreadedTaskDispatcher with 16 workers.
 -> (artifact id: '92ee4770f1c725f7f61988dfb0129c34') in 0.006135 seconds
Number of updated asset objects reloaded before import = 0
Number of asset objects unloaded after import = 1
========================================================================
Received Import Request.
  Time since last request: 0.000016 seconds.
  path: Assets/K2Examples/KinectDemos/OverlayDemo/Materials/OverlayMaterial.mat
  artifactKey: Guid(92ff691a6b517bb4f9f45997f2d8da9c) Importer(815301076,1909f56bfc062723c751e8b465ee728b)
Start importing Assets/K2Examples/KinectDemos/OverlayDemo/Materials/OverlayMaterial.mat using Guid(92ff691a6b517bb4f9f45997f2d8da9c) Importer(815301076,1909f56bfc062723c751e8b465ee728b) [PhysX] Initialized MultithreadedTaskDispatcher with 16 workers.
[PhysX] Initialized MultithreadedTaskDispatcher with 16 workers.
 -> (artifact id: '41ed34b7e26f0ddf227d71640d3225ed') in 0.005241 seconds
Number of updated asset objects reloaded before import = 0
Number of asset objects unloaded after import = 1
========================================================================
Received Import Request.
  Time since last request: 0.000016 seconds.
  path: Assets/K2Examples/KinectDemos/InteractionDemo/Materials/redMaterial.mat
  artifactKey: Guid(1870c9863d6ae8e4bb2ab84bb5e2e110) Importer(815301076,1909f56bfc062723c751e8b465ee728b)
Start importing Assets/K2Examples/KinectDemos/InteractionDemo/Materials/redMaterial.mat using Guid(1870c9863d6ae8e4bb2ab84bb5e2e110) Importer(815301076,1909f56bfc062723c751e8b465ee728b) [PhysX] Initialized MultithreadedTaskDispatcher with 16 workers.
[PhysX] Initialized MultithreadedTaskDispatcher with 16 workers.
 -> (artifact id: '139da0c9f639cd9cc1fb5855c5b79acb') in 0.004707 seconds
Number of updated asset objects reloaded before import = 0
Number of asset objects unloaded after import = 1
========================================================================
Received Import Request.
  Time since last request: 0.000024 seconds.
  path: Assets/K2Examples/KinectDemos/SpeechRecognitionDemo/Props/Materials/propCrate_DFF.mat
  artifactKey: Guid(d8ad8eb16363b7f4a820d503e8803535) Importer(815301076,1909f56bfc062723c751e8b465ee728b)
Start importing Assets/K2Examples/KinectDemos/SpeechRecognitionDemo/Props/Materials/propCrate_DFF.mat using Guid(d8ad8eb16363b7f4a820d503e8803535) Importer(815301076,1909f56bfc062723c751e8b465ee728b) [PhysX] Initialized MultithreadedTaskDispatcher with 16 workers.
[PhysX] Initialized MultithreadedTaskDispatcher with 16 workers.
 -> (artifact id: '647d0c2415d8656a2c74c7047f50472d') in 0.006250 seconds
Number of updated asset objects reloaded before import = 0
Number of asset objects unloaded after import = 2
========================================================================
Received Import Request.
  Time since last request: 0.000021 seconds.
  path: Assets/K2Examples/KinectDemos/OverlayDemo/Materials/LineMaterial.mat
  artifactKey: Guid(6902a4f5dc1f99842b0fe0a5a2eb8b1e) Importer(815301076,1909f56bfc062723c751e8b465ee728b)
Start importing Assets/K2Examples/KinectDemos/OverlayDemo/Materials/LineMaterial.mat using Guid(6902a4f5dc1f99842b0fe0a5a2eb8b1e) Importer(815301076,1909f56bfc062723c751e8b465ee728b) [PhysX] Initialized MultithreadedTaskDispatcher with 16 workers.
[PhysX] Initialized MultithreadedTaskDispatcher with 16 workers.
 -> (artifact id: 'b54e1dfbe991afbaf5e2f7aa6b1c80e6') in 0.025613 seconds
Number of updated asset objects reloaded before import = 0
Number of asset objects unloaded after import = 1
========================================================================
Received Import Request.
  Time since last request: 0.000017 seconds.
  path: Assets/K2Examples/KinectDemos/AvatarsDemo/Cubeman/Materials/CubeMapCenter.mat
  artifactKey: Guid(c25d226819a00a449bfa8b247eac07a7) Importer(815301076,1909f56bfc062723c751e8b465ee728b)
Start importing Assets/K2Examples/KinectDemos/AvatarsDemo/Cubeman/Materials/CubeMapCenter.mat using Guid(c25d226819a00a449bfa8b247eac07a7) Importer(815301076,1909f56bfc062723c751e8b465ee728b) [PhysX] Initialized MultithreadedTaskDispatcher with 16 workers.
[PhysX] Initialized MultithreadedTaskDispatcher with 16 workers.
 -> (artifact id: '199b64c1e9a81993474d15030c427847') in 0.004739 seconds
Number of updated asset objects reloaded before import = 0
Number of asset objects unloaded after import = 1
========================================================================
Received Import Request.
  Time since last request: 0.000017 seconds.
  path: Assets/K2Examples/KinectDemos/FaceTrackingDemo/Models/faceMaterial.mat
  artifactKey: Guid(c0a34b04fc0e79f40a622f8acbcca380) Importer(815301076,1909f56bfc062723c751e8b465ee728b)
Start importing Assets/K2Examples/KinectDemos/FaceTrackingDemo/Models/faceMaterial.mat using Guid(c0a34b04fc0e79f40a622f8acbcca380) Importer(815301076,1909f56bfc062723c751e8b465ee728b) [PhysX] Initialized MultithreadedTaskDispatcher with 16 workers.
[PhysX] Initialized MultithreadedTaskDispatcher with 16 workers.
 -> (artifact id: '1352548622f42999585a1c04ed69f9fc') in 0.004853 seconds
Number of updated asset objects reloaded before import = 0
Number of asset objects unloaded after import = 1
========================================================================
Received Import Request.
  Time since last request: 0.000019 seconds.
  path: Assets/K2Examples/KinectDemos/ColliderDemo/Models/Materials/Material #2.mat
  artifactKey: Guid(8490f8375fcee0d49a50c5dc4a5cb332) Importer(815301076,1909f56bfc062723c751e8b465ee728b)
Start importing Assets/K2Examples/KinectDemos/ColliderDemo/Models/Materials/Material #2.mat using Guid(8490f8375fcee0d49a50c5dc4a5cb332) Importer(815301076,1909f56bfc062723c751e8b465ee728b) [PhysX] Initialized MultithreadedTaskDispatcher with 16 workers.
[PhysX] Initialized MultithreadedTaskDispatcher with 16 workers.
 -> (artifact id: '1424d709b8124191d6ec7b2ecf90c40a') in 0.004713 seconds
Number of updated asset objects reloaded before import = 0
Number of asset objects unloaded after import = 1
========================================================================
Received Import Request.
  Time since last request: 0.000018 seconds.
  path: Assets/K2Examples/KinectDemos/ColliderDemo/Materials/JointMatT.mat
  artifactKey: Guid(d4bdc33d85a08f240810807846c06950) Importer(815301076,1909f56bfc062723c751e8b465ee728b)
Start importing Assets/K2Examples/KinectDemos/ColliderDemo/Materials/JointMatT.mat using Guid(d4bdc33d85a08f240810807846c06950) Importer(815301076,1909f56bfc062723c751e8b465ee728b) [PhysX] Initialized MultithreadedTaskDispatcher with 16 workers.
[PhysX] Initialized MultithreadedTaskDispatcher with 16 workers.
 -> (artifact id: 'b8656803481e3e73a1f9ff7bbed0b492') in 0.073512 seconds
Number of updated asset objects reloaded before import = 0
Number of asset objects unloaded after import = 1
========================================================================
Received Import Request.
  Time since last request: 0.297887 seconds.
  path: Assets/K2Examples/KinectDemos/VisualizerDemo/Materials/SceneMeshMaterial.mat
  artifactKey: Guid(842505abdc02a0e42b8fb6fbba51358e) Importer(815301076,1909f56bfc062723c751e8b465ee728b)
Start importing Assets/K2Examples/KinectDemos/VisualizerDemo/Materials/SceneMeshMaterial.mat using Guid(842505abdc02a0e42b8fb6fbba51358e) Importer(815301076,1909f56bfc062723c751e8b465ee728b) [PhysX] Initialized MultithreadedTaskDispatcher with 16 workers.
[PhysX] Initialized MultithreadedTaskDispatcher with 16 workers.
 -> (artifact id: 'b25695e7d9532214fda27e7b6dba5b36') in 0.005309 seconds
Number of updated asset objects reloaded before import = 0
Number of asset objects unloaded after import = 1
========================================================================
Received Import Request.
  Time since last request: 0.000016 seconds.
  path: Assets/K2Examples/KinectDemos/AvatarsDemo/Cubeman/Materials/YellowCube.mat
  artifactKey: Guid(9a219312cdda5ff4bb2b5510d90c3b0d) Importer(815301076,1909f56bfc062723c751e8b465ee728b)
Start importing Assets/K2Examples/KinectDemos/AvatarsDemo/Cubeman/Materials/YellowCube.mat using Guid(9a219312cdda5ff4bb2b5510d90c3b0d) Importer(815301076,1909f56bfc062723c751e8b465ee728b) [PhysX] Initialized MultithreadedTaskDispatcher with 16 workers.
[PhysX] Initialized MultithreadedTaskDispatcher with 16 workers.
 -> (artifact id: '3849ad9b2800d0c36929b15e8908eb4c') in 0.004651 seconds
Number of updated asset objects reloaded before import = 0
Number of asset objects unloaded after import = 1
========================================================================
Received Import Request.
  Time since last request: 0.000039 seconds.
  path: Assets/K2Examples/KinectDemos/AvatarsDemo/U_Character/Materials/U_Character_Body-DIF.mat
  artifactKey: Guid(805c4d7a00aefd043bd7c9990c564787) Importer(815301076,1909f56bfc062723c751e8b465ee728b)
Start importing Assets/K2Examples/KinectDemos/AvatarsDemo/U_Character/Materials/U_Character_Body-DIF.mat using Guid(805c4d7a00aefd043bd7c9990c564787) Importer(815301076,1909f56bfc062723c751e8b465ee728b) [PhysX] Initialized MultithreadedTaskDispatcher with 16 workers.
[PhysX] Initialized MultithreadedTaskDispatcher with 16 workers.
 -> (artifact id: '3782ec4d0113e675e4370c44503f4537') in 0.102286 seconds
Number of updated asset objects reloaded before import = 0
Number of asset objects unloaded after import = 3
========================================================================
Received Import Request.
  Time since last request: 0.000024 seconds.
  path: Assets/K2Examples/KinectDemos/FaceTrackingDemo/Models/Materials/sloth_all_1001_AlbedoTransparency.mat
  artifactKey: Guid(0eafc0c8e166e4cd2b0f64b71fda0c45) Importer(815301076,1909f56bfc062723c751e8b465ee728b)
Start importing Assets/K2Examples/KinectDemos/FaceTrackingDemo/Models/Materials/sloth_all_1001_AlbedoTransparency.mat using Guid(0eafc0c8e166e4cd2b0f64b71fda0c45) Importer(815301076,1909f56bfc062723c751e8b465ee728b) [PhysX] Initialized MultithreadedTaskDispatcher with 16 workers.
[PhysX] Initialized MultithreadedTaskDispatcher with 16 workers.
 -> (artifact id: '13e2d3e7673451923c83890808d8e318') in 0.217899 seconds
Number of updated asset objects reloaded before import = 0
Number of asset objects unloaded after import = 4
========================================================================
Received Prepare
Caller must complete domain reload
Begin MonoManager ReloadAssembly
- Loaded All Assemblies, in  0.360 seconds
Native extension for WindowsStandalone target not found
Native extension for Android target not found
Native extension for WebGL target not found
Mono: successfully reloaded assembly
- Finished resetting the current domain, in  0.724 seconds
Domain Reload Profiling: 1083ms
	BeginReloadAssembly (121ms)
		ExecutionOrderSort (0ms)
		DisableScriptedObjects (3ms)
		BackupInstance (0ms)
		ReleaseScriptingObjects (0ms)
		CreateAndSetChildDomain (28ms)
	RebuildCommonClasses (26ms)
	RebuildNativeTypeToScriptingClass (8ms)
	initialDomainReloadingComplete (22ms)
	LoadAllAssembliesAndSetupDomain (182ms)
		LoadAssemblies (222ms)
		RebuildTransferFunctionScriptingTraits (0ms)
		AnalyzeDomain (23ms)
			TypeCache.Refresh (10ms)
				TypeCache.ScanAssembly (3ms)
			ScanForSourceGeneratedMonoScriptInfo (5ms)
			ResolveRequiredComponents (6ms)
	FinalizeReload (724ms)
		ReleaseScriptCaches (0ms)
		RebuildScriptCaches (0ms)
		SetupLoadedEditorAssemblies (425ms)
			LogAssemblyErrors (0ms)
			InitializePlatformSupportModulesInManaged (12ms)
			SetLoadedEditorAssemblies (2ms)
			RefreshPlugins (0ms)
			BeforeProcessingInitializeOnLoad (50ms)
			ProcessInitializeOnLoadAttributes (330ms)
			ProcessInitializeOnLoadMethodAttributes (24ms)
			AfterProcessingInitializeOnLoad (6ms)
			EditorAssembliesLoaded (0ms)
		ExecutionOrderSort2 (0ms)
		AwakeInstancesAfterBackupRestoration (9ms)
Refreshing native plugins compatible for Editor in 15.41 ms, found 14 plugins.
Preloading 0 native plugins for Editor in 0.00 ms.
Unloading 3864 Unused Serialized files (Serialized files now loaded: 0)
Unloading 63 unused Assets / (1.3 MB). Loaded Objects now: 4565.
Memory consumption went from 155.0 MB to 153.7 MB.
Total: 3.778900 ms (FindLiveObjects: 0.298100 ms CreateObjectMapping: 0.115700 ms MarkObjects: 2.691000 ms  DeleteObjects: 0.673200 ms)

Prepare: number of updated asset objects reloaded= 0
AssetImportParameters requested are different than current active one (requested -> active):
  custom:scripting/monoscript/fileName/FilterHue.cs: e11ebd1453f02006250532b8fc94401c -> 
  custom:scripting/monoscript/fileName/MaskAlpha_Simple.cs: 998d43c9fe4b6e28b49b302d9d2322c2 -> 
  custom:container-demuxer-ogg: 62fdf1f143b41e24485cea50d1cbac27 -> 
  custom:scripting/monoscript/fileName/Blur_General.cs: 8a0b661ffd1541e6ad3f246c6bdf6064 -> 
  custom:video-codec-MediaFoundation-h265: 746d11721c4dcdbdad8f713fa42b33f4 -> 
  custom:scripting/monoscript/fileName/FilterColor.cs: c7e03c267eff691012097878712f515f -> 
  custom:scripting/monoscript/fileName/WebCamStreamEditor.cs: 7ff0789dcbf9f051a9d8ec846158e2ba -> 
  custom:scripting/monoscript/fileName/FilterSaturation.cs: b7fec0f5c8362c4fb90fef7a3cd95114 -> 
  custom:video-decoder-ogg-theora: a1e56fd34408186e4bbccfd4996cb3dc -> 
  custom:framework-win-MediaFoundation: 216162199b28c13a410421893ffa2e32 -> 
  custom:scripting/monoscript/fileName/MSKController.cs: 329a38633d303c82e33ccda6c4b8945a -> 
  custom:scripting/monoscript/fileName/MSKControllerBase.cs: 3b3131690c1a2a5da542c610dd707e72 -> 
  custom:scripting/monoscript/fileName/MSKComponentBaseEditor.cs: 275a867f4c36146f6835259c27f4cc86 -> 
  custom:scripting/monoscript/fileName/MSKBridgeVideoPlayer.cs: 23ea9b98c8be82ba4011ee7c365782d5 -> 
  custom:CustomObjectIndexerAttribute: 9a22284fe3817be447336de3de66b15e -> 
  custom:scripting/monoscript/fileName/Blur_Simple.cs: 5b27881231d30e40969fe8a37b137bf8 -> 
  custom:scripting/monoscript/fileName/FilterContrast.cs: d6b3142fb580fa91da192f89b59a7efd -> 
  custom:scripting/monoscript/fileName/RenderTextureUtils.cs: 849547b237b0fb8e05adbc3d875f3e0a -> 
  custom:container-demuxer-webm: 4f35f7cbe854078d1ac9338744f61a02 -> 
  custom:scripting/monoscript/fileName/WebCamPlayerEditor.cs: 35fa70d5472cf4ed2a09ed8841245a40 -> 
  custom:scripting/monoscript/fileName/FilterHSBC.cs: abed7363c28ab4e39c46ca29c449c0bf -> 
  custom:scripting/monoscript/fileName/ChromaKey_BgColor.cs: ff79c54091a384a9f17d041e8b86dbef -> 
  custom:scripting/monoscript/fileName/WebCamPlayer.cs: ab9e6743a178280f9b1cb7fb2502280a -> 
  custom:container-muxer-webm: aa71ff27fc2769a1b78a27578f13a17b -> 
  custom:video-decoder-webm-vp8: 9c59270c3fd7afecdb556c50c9e8de78 -> 
  custom:scripting/monoscript/fileName/TargetRenderBaseEditor.cs: 884e2c9ba1f4c591a4be3b16e94fba5e -> 
  custom:SearchIndexIgnoredProperties: e643bd26f0fe6173181afceb89e7c659 -> 
  custom:AudioImporter_EditorPlatform: d09bf68614088b80899f8185d706f6e7 -> 
  custom:scripting/monoscript/fileName/FilterBrightness.cs: 3963794dd0d8c56a4d79f9d946364063 -> 
  custom:scripting/monoscript/fileName/MaskAlpha_Expert.cs: 9616cb22e95c50199495781447fa1e41 -> 
  custom:video-encoder-webm-vp8: eb34c28f22e8b96e1ab97ce403110664 -> 
  custom:audio-decoder-ogg-vorbis: bf7c407c2cedff20999df2af8eb42d56 -> 
  custom:scripting/monoscript/fileName/MaskAlpha_General.cs: eb48cce8dcc2d35737c4ec6ed20b1cc8 -> 
  custom:scripting/monoscript/fileName/WebCamStream.cs: 19da22c49c5df13f4dbdd979aad08efe -> 
  custom:scripting/monoscript/fileName/MSKBridgeWebCamPlayer.cs: c53fa13a9caf37fb3c221b4295873159 -> 
  custom:scripting/monoscript/fileName/MSKBridgeImage.cs: 45cffc4173ef79ea83298d852a467f5f -> 
  custom:audio-encoder-webm-vorbis: bf7c407c2cedff20999df2af8eb42d56 -> 
  custom:scripting/precompiled-assembly-types:Assembly-CSharp-Editor: a4afda7cddc5399c2adf3022dc9786b9 -> c43ab9b87697be09138a4d4ef369a2f4
  custom:scripting/monoscript/fileName/TargetRenderBase.cs: ede1e7ffe26e2bdaf1178000003a7cde -> 
  custom:scripting/monoscript/fileName/ChromaKey_Alpha_General.cs: 385319fb4a7056c216e19b2e8fd2d993 -> 
  custom:scripting/monoscript/fileName/WebCamCorrection.cs: 7082bcd1c59e7e2729055cf686e9496c -> 
  custom:scripting/precompiled-assembly-types:Assembly-CSharp: f507296485793f596843d123fd334698 -> 019be45a1fb25a17605dd275f0018009
  custom:scripting/monoscript/fileName/MSKComponentBase.cs: 2ccbbe283ec48eefd1aeb9b05e8e9b5c -> 
  custom:scripting/monoscript/fileName/ChromaKey_BgTex.cs: 31d8b6121d339249db5b6b74f6e2ed5a -> 
  custom:scripting/monoscript/fileName/ChromaKey_Alpha_Simple.cs: 41af4aec3871671be2e3d1e6e2beb3fa -> 
========================================================================
Received Prepare
Caller must complete domain reload
Begin MonoManager ReloadAssembly
- Loaded All Assemblies, in  0.342 seconds
Native extension for WindowsStandalone target not found
Native extension for Android target not found
Native extension for WebGL target not found
Mono: successfully reloaded assembly
- Finished resetting the current domain, in  0.568 seconds
Domain Reload Profiling: 909ms
	BeginReloadAssembly (110ms)
		ExecutionOrderSort (0ms)
		DisableScriptedObjects (5ms)
		BackupInstance (0ms)
		ReleaseScriptingObjects (0ms)
		CreateAndSetChildDomain (21ms)
	RebuildCommonClasses (23ms)
	RebuildNativeTypeToScriptingClass (7ms)
	initialDomainReloadingComplete (22ms)
	LoadAllAssembliesAndSetupDomain (178ms)
		LoadAssemblies (212ms)
		RebuildTransferFunctionScriptingTraits (0ms)
		AnalyzeDomain (24ms)
			TypeCache.Refresh (11ms)
				TypeCache.ScanAssembly (3ms)
			ScanForSourceGeneratedMonoScriptInfo (6ms)
			ResolveRequiredComponents (6ms)
	FinalizeReload (568ms)
		ReleaseScriptCaches (0ms)
		RebuildScriptCaches (0ms)
		SetupLoadedEditorAssemblies (273ms)
			LogAssemblyErrors (0ms)
			InitializePlatformSupportModulesInManaged (13ms)
			SetLoadedEditorAssemblies (2ms)
			RefreshPlugins (0ms)
			BeforeProcessingInitializeOnLoad (44ms)
			ProcessInitializeOnLoadAttributes (197ms)
			ProcessInitializeOnLoadMethodAttributes (14ms)
			AfterProcessingInitializeOnLoad (3ms)
			EditorAssembliesLoaded (0ms)
		ExecutionOrderSort2 (0ms)
		AwakeInstancesAfterBackupRestoration (4ms)
Refreshing native plugins compatible for Editor in 7.09 ms, found 14 plugins.
Preloading 0 native plugins for Editor in 0.00 ms.
Unloading 3865 Unused Serialized files (Serialized files now loaded: 0)
Unloading 63 unused Assets / (1.3 MB). Loaded Objects now: 4569.
Memory consumption went from 155.2 MB to 154.0 MB.
Total: 2.904500 ms (FindLiveObjects: 0.195700 ms CreateObjectMapping: 0.114200 ms MarkObjects: 2.104400 ms  DeleteObjects: 0.489500 ms)

Prepare: number of updated asset objects reloaded= 0
AssetImportParameters requested are different than current active one (requested -> active):
  custom:scripting/monoscript/fileName/FilterHue.cs: e11ebd1453f02006250532b8fc94401c -> 
  custom:scripting/monoscript/fileName/MaskAlpha_Simple.cs: 998d43c9fe4b6e28b49b302d9d2322c2 -> 
  custom:container-demuxer-ogg: 62fdf1f143b41e24485cea50d1cbac27 -> 
  custom:scripting/monoscript/fileName/Blur_General.cs: 8a0b661ffd1541e6ad3f246c6bdf6064 -> 
  custom:video-codec-MediaFoundation-h265: 746d11721c4dcdbdad8f713fa42b33f4 -> 
  custom:scripting/monoscript/fileName/FilterColor.cs: c7e03c267eff691012097878712f515f -> 
  custom:scripting/monoscript/fileName/WebCamStreamEditor.cs: 7ff0789dcbf9f051a9d8ec846158e2ba -> 
  custom:scripting/monoscript/fileName/FilterSaturation.cs: b7fec0f5c8362c4fb90fef7a3cd95114 -> 
  custom:video-decoder-ogg-theora: a1e56fd34408186e4bbccfd4996cb3dc -> 
  custom:framework-win-MediaFoundation: 216162199b28c13a410421893ffa2e32 -> 
  custom:scripting/monoscript/fileName/MSKController.cs: 329a38633d303c82e33ccda6c4b8945a -> 
  custom:scripting/monoscript/fileName/MSKControllerBase.cs: 3b3131690c1a2a5da542c610dd707e72 -> 
  custom:scripting/monoscript/fileName/MSKComponentBaseEditor.cs: 275a867f4c36146f6835259c27f4cc86 -> 
  custom:scripting/monoscript/fileName/MSKBridgeVideoPlayer.cs: 23ea9b98c8be82ba4011ee7c365782d5 -> 
  custom:CustomObjectIndexerAttribute: 9a22284fe3817be447336de3de66b15e -> 
  custom:scripting/monoscript/fileName/Blur_Simple.cs: 5b27881231d30e40969fe8a37b137bf8 -> 
  custom:scripting/monoscript/fileName/FilterContrast.cs: d6b3142fb580fa91da192f89b59a7efd -> 
  custom:scripting/monoscript/fileName/RenderTextureUtils.cs: 849547b237b0fb8e05adbc3d875f3e0a -> 
  custom:container-demuxer-webm: 4f35f7cbe854078d1ac9338744f61a02 -> 
  custom:scripting/monoscript/fileName/WebCamPlayerEditor.cs: 35fa70d5472cf4ed2a09ed8841245a40 -> 
  custom:scripting/monoscript/fileName/FilterHSBC.cs: abed7363c28ab4e39c46ca29c449c0bf -> 
  custom:scripting/monoscript/fileName/ChromaKey_BgColor.cs: ff79c54091a384a9f17d041e8b86dbef -> 
  custom:scripting/monoscript/fileName/WebCamPlayer.cs: ab9e6743a178280f9b1cb7fb2502280a -> 
  custom:container-muxer-webm: aa71ff27fc2769a1b78a27578f13a17b -> 
  custom:video-decoder-webm-vp8: 9c59270c3fd7afecdb556c50c9e8de78 -> 
  custom:scripting/monoscript/fileName/TargetRenderBaseEditor.cs: 884e2c9ba1f4c591a4be3b16e94fba5e -> 
  custom:SearchIndexIgnoredProperties: e643bd26f0fe6173181afceb89e7c659 -> 
  custom:AudioImporter_EditorPlatform: d09bf68614088b80899f8185d706f6e7 -> 
  custom:scripting/monoscript/fileName/FilterBrightness.cs: 3963794dd0d8c56a4d79f9d946364063 -> 
  custom:scripting/monoscript/fileName/MaskAlpha_Expert.cs: 9616cb22e95c50199495781447fa1e41 -> 
  custom:video-encoder-webm-vp8: eb34c28f22e8b96e1ab97ce403110664 -> 
  custom:audio-decoder-ogg-vorbis: bf7c407c2cedff20999df2af8eb42d56 -> 
  custom:scripting/monoscript/fileName/MaskAlpha_General.cs: eb48cce8dcc2d35737c4ec6ed20b1cc8 -> 
  custom:scripting/monoscript/fileName/WebCamStream.cs: 19da22c49c5df13f4dbdd979aad08efe -> 
  custom:scripting/monoscript/fileName/MSKBridgeWebCamPlayer.cs: c53fa13a9caf37fb3c221b4295873159 -> 
  custom:scripting/monoscript/fileName/MSKBridgeImage.cs: 45cffc4173ef79ea83298d852a467f5f -> 
  custom:audio-encoder-webm-vorbis: bf7c407c2cedff20999df2af8eb42d56 -> 
  custom:scripting/precompiled-assembly-types:Assembly-CSharp-Editor: a4afda7cddc5399c2adf3022dc9786b9 -> c43ab9b87697be09138a4d4ef369a2f4
  custom:scripting/monoscript/fileName/TargetRenderBase.cs: ede1e7ffe26e2bdaf1178000003a7cde -> 
  custom:scripting/monoscript/fileName/ChromaKey_Alpha_General.cs: 385319fb4a7056c216e19b2e8fd2d993 -> 
  custom:scripting/monoscript/fileName/WebCamCorrection.cs: 7082bcd1c59e7e2729055cf686e9496c -> 
  custom:scripting/precompiled-assembly-types:Assembly-CSharp: f507296485793f596843d123fd334698 -> 019be45a1fb25a17605dd275f0018009
  custom:scripting/monoscript/fileName/MSKComponentBase.cs: 2ccbbe283ec48eefd1aeb9b05e8e9b5c -> 
  custom:scripting/monoscript/fileName/ChromaKey_BgTex.cs: 31d8b6121d339249db5b6b74f6e2ed5a -> 
  custom:scripting/monoscript/fileName/ChromaKey_Alpha_Simple.cs: 41af4aec3871671be2e3d1e6e2beb3fa -> 
========================================================================
Received Prepare
Caller must complete domain reload
Begin MonoManager ReloadAssembly
- Loaded All Assemblies, in  0.310 seconds
Native extension for WindowsStandalone target not found
Native extension for Android target not found
Native extension for WebGL target not found
Mono: successfully reloaded assembly
- Finished resetting the current domain, in  0.560 seconds
Domain Reload Profiling: 870ms
	BeginReloadAssembly (107ms)
		ExecutionOrderSort (0ms)
		DisableScriptedObjects (4ms)
		BackupInstance (0ms)
		ReleaseScriptingObjects (0ms)
		CreateAndSetChildDomain (21ms)
	RebuildCommonClasses (23ms)
	RebuildNativeTypeToScriptingClass (8ms)
	initialDomainReloadingComplete (21ms)
	LoadAllAssembliesAndSetupDomain (150ms)
		LoadAssemblies (194ms)
		RebuildTransferFunctionScriptingTraits (0ms)
		AnalyzeDomain (13ms)
			TypeCache.Refresh (5ms)
				TypeCache.ScanAssembly (0ms)
			ScanForSourceGeneratedMonoScriptInfo (0ms)
			ResolveRequiredComponents (6ms)
	FinalizeReload (561ms)
		ReleaseScriptCaches (0ms)
		RebuildScriptCaches (0ms)
		SetupLoadedEditorAssemblies (277ms)
			LogAssemblyErrors (0ms)
			InitializePlatformSupportModulesInManaged (13ms)
			SetLoadedEditorAssemblies (2ms)
			RefreshPlugins (0ms)
			BeforeProcessingInitializeOnLoad (41ms)
			ProcessInitializeOnLoadAttributes (204ms)
			ProcessInitializeOnLoadMethodAttributes (14ms)
			AfterProcessingInitializeOnLoad (3ms)
			EditorAssembliesLoaded (0ms)
		ExecutionOrderSort2 (0ms)
		AwakeInstancesAfterBackupRestoration (4ms)
Refreshing native plugins compatible for Editor in 7.74 ms, found 14 plugins.
Preloading 0 native plugins for Editor in 0.00 ms.
Unloading 3865 Unused Serialized files (Serialized files now loaded: 0)
Unloading 63 unused Assets / (1.3 MB). Loaded Objects now: 4573.
Memory consumption went from 155.2 MB to 154.0 MB.
Total: 2.630100 ms (FindLiveObjects: 0.202600 ms CreateObjectMapping: 0.088200 ms MarkObjects: 1.841400 ms  DeleteObjects: 0.497400 ms)

Prepare: number of updated asset objects reloaded= 0
AssetImportParameters requested are different than current active one (requested -> active):
  custom:scripting/monoscript/fileName/FilterHue.cs: e11ebd1453f02006250532b8fc94401c -> 
  custom:scripting/monoscript/fileName/MaskAlpha_Simple.cs: 998d43c9fe4b6e28b49b302d9d2322c2 -> 
  custom:container-demuxer-ogg: 62fdf1f143b41e24485cea50d1cbac27 -> 
  custom:scripting/monoscript/fileName/Blur_General.cs: 8a0b661ffd1541e6ad3f246c6bdf6064 -> 
  custom:video-codec-MediaFoundation-h265: 746d11721c4dcdbdad8f713fa42b33f4 -> 
  custom:scripting/monoscript/fileName/FilterColor.cs: c7e03c267eff691012097878712f515f -> 
  custom:scripting/monoscript/fileName/WebCamStreamEditor.cs: 7ff0789dcbf9f051a9d8ec846158e2ba -> 
  custom:scripting/monoscript/fileName/FilterSaturation.cs: b7fec0f5c8362c4fb90fef7a3cd95114 -> 
  custom:video-decoder-ogg-theora: a1e56fd34408186e4bbccfd4996cb3dc -> 
  custom:framework-win-MediaFoundation: 216162199b28c13a410421893ffa2e32 -> 
  custom:scripting/monoscript/fileName/MSKController.cs: 329a38633d303c82e33ccda6c4b8945a -> 
  custom:scripting/monoscript/fileName/MSKControllerBase.cs: 3b3131690c1a2a5da542c610dd707e72 -> 
  custom:scripting/monoscript/fileName/MSKComponentBaseEditor.cs: 275a867f4c36146f6835259c27f4cc86 -> 
  custom:scripting/monoscript/fileName/MSKBridgeVideoPlayer.cs: 23ea9b98c8be82ba4011ee7c365782d5 -> 
  custom:CustomObjectIndexerAttribute: 9a22284fe3817be447336de3de66b15e -> 
  custom:scripting/monoscript/fileName/Blur_Simple.cs: 5b27881231d30e40969fe8a37b137bf8 -> 
  custom:scripting/monoscript/fileName/FilterContrast.cs: d6b3142fb580fa91da192f89b59a7efd -> 
  custom:scripting/monoscript/fileName/RenderTextureUtils.cs: 849547b237b0fb8e05adbc3d875f3e0a -> 
  custom:container-demuxer-webm: 4f35f7cbe854078d1ac9338744f61a02 -> 
  custom:scripting/monoscript/fileName/WebCamPlayerEditor.cs: 35fa70d5472cf4ed2a09ed8841245a40 -> 
  custom:scripting/monoscript/fileName/FilterHSBC.cs: abed7363c28ab4e39c46ca29c449c0bf -> 
  custom:scripting/monoscript/fileName/ChromaKey_BgColor.cs: ff79c54091a384a9f17d041e8b86dbef -> 
  custom:scripting/monoscript/fileName/WebCamPlayer.cs: ab9e6743a178280f9b1cb7fb2502280a -> 
  custom:container-muxer-webm: aa71ff27fc2769a1b78a27578f13a17b -> 
  custom:video-decoder-webm-vp8: 9c59270c3fd7afecdb556c50c9e8de78 -> 
  custom:scripting/monoscript/fileName/TargetRenderBaseEditor.cs: 884e2c9ba1f4c591a4be3b16e94fba5e -> 
  custom:SearchIndexIgnoredProperties: e643bd26f0fe6173181afceb89e7c659 -> 
  custom:AudioImporter_EditorPlatform: d09bf68614088b80899f8185d706f6e7 -> 
  custom:scripting/monoscript/fileName/FilterBrightness.cs: 3963794dd0d8c56a4d79f9d946364063 -> 
  custom:scripting/monoscript/fileName/MaskAlpha_Expert.cs: 9616cb22e95c50199495781447fa1e41 -> 
  custom:video-encoder-webm-vp8: eb34c28f22e8b96e1ab97ce403110664 -> 
  custom:audio-decoder-ogg-vorbis: bf7c407c2cedff20999df2af8eb42d56 -> 
  custom:scripting/monoscript/fileName/MaskAlpha_General.cs: eb48cce8dcc2d35737c4ec6ed20b1cc8 -> 
  custom:scripting/monoscript/fileName/WebCamStream.cs: 19da22c49c5df13f4dbdd979aad08efe -> 
  custom:scripting/monoscript/fileName/MSKBridgeWebCamPlayer.cs: c53fa13a9caf37fb3c221b4295873159 -> 
  custom:scripting/monoscript/fileName/MSKBridgeImage.cs: 45cffc4173ef79ea83298d852a467f5f -> 
  custom:audio-encoder-webm-vorbis: bf7c407c2cedff20999df2af8eb42d56 -> 
  custom:scripting/precompiled-assembly-types:Assembly-CSharp-Editor: a4afda7cddc5399c2adf3022dc9786b9 -> c43ab9b87697be09138a4d4ef369a2f4
  custom:scripting/monoscript/fileName/TargetRenderBase.cs: ede1e7ffe26e2bdaf1178000003a7cde -> 
  custom:scripting/monoscript/fileName/ChromaKey_Alpha_General.cs: 385319fb4a7056c216e19b2e8fd2d993 -> 
  custom:scripting/monoscript/fileName/WebCamCorrection.cs: 7082bcd1c59e7e2729055cf686e9496c -> 
  custom:scripting/precompiled-assembly-types:Assembly-CSharp: f507296485793f596843d123fd334698 -> 019be45a1fb25a17605dd275f0018009
  custom:scripting/monoscript/fileName/MSKComponentBase.cs: 2ccbbe283ec48eefd1aeb9b05e8e9b5c -> 
  custom:scripting/monoscript/fileName/ChromaKey_BgTex.cs: 31d8b6121d339249db5b6b74f6e2ed5a -> 
  custom:scripting/monoscript/fileName/ChromaKey_Alpha_Simple.cs: 41af4aec3871671be2e3d1e6e2beb3fa -> 
========================================================================
Received Prepare
Caller must complete domain reload
Begin MonoManager ReloadAssembly
- Loaded All Assemblies, in  0.327 seconds
Native extension for WindowsStandalone target not found
Native extension for Android target not found
Native extension for WebGL target not found
Mono: successfully reloaded assembly
- Finished resetting the current domain, in  0.582 seconds
Domain Reload Profiling: 908ms
	BeginReloadAssembly (108ms)
		ExecutionOrderSort (0ms)
		DisableScriptedObjects (4ms)
		BackupInstance (0ms)
		ReleaseScriptingObjects (0ms)
		CreateAndSetChildDomain (21ms)
	RebuildCommonClasses (26ms)
	RebuildNativeTypeToScriptingClass (8ms)
	initialDomainReloadingComplete (19ms)
	LoadAllAssembliesAndSetupDomain (165ms)
		LoadAssemblies (208ms)
		RebuildTransferFunctionScriptingTraits (0ms)
		AnalyzeDomain (15ms)
			TypeCache.Refresh (6ms)
				TypeCache.ScanAssembly (0ms)
			ScanForSourceGeneratedMonoScriptInfo (0ms)
			ResolveRequiredComponents (7ms)
	FinalizeReload (582ms)
		ReleaseScriptCaches (0ms)
		RebuildScriptCaches (0ms)
		SetupLoadedEditorAssemblies (291ms)
			LogAssemblyErrors (0ms)
			InitializePlatformSupportModulesInManaged (12ms)
			SetLoadedEditorAssemblies (2ms)
			RefreshPlugins (0ms)
			BeforeProcessingInitializeOnLoad (41ms)
			ProcessInitializeOnLoadAttributes (217ms)
			ProcessInitializeOnLoadMethodAttributes (15ms)
			AfterProcessingInitializeOnLoad (3ms)
			EditorAssembliesLoaded (0ms)
		ExecutionOrderSort2 (0ms)
		AwakeInstancesAfterBackupRestoration (4ms)
Refreshing native plugins compatible for Editor in 8.36 ms, found 14 plugins.
Preloading 0 native plugins for Editor in 0.00 ms.
Unloading 3865 Unused Serialized files (Serialized files now loaded: 0)
Unloading 63 unused Assets / (1.3 MB). Loaded Objects now: 4577.
Memory consumption went from 155.2 MB to 154.0 MB.
Total: 3.104800 ms (FindLiveObjects: 0.213100 ms CreateObjectMapping: 0.092600 ms MarkObjects: 2.295900 ms  DeleteObjects: 0.501800 ms)

Prepare: number of updated asset objects reloaded= 0
AssetImportParameters requested are different than current active one (requested -> active):
  custom:scripting/monoscript/fileName/FilterHue.cs: e11ebd1453f02006250532b8fc94401c -> 
  custom:scripting/monoscript/fileName/MaskAlpha_Simple.cs: 998d43c9fe4b6e28b49b302d9d2322c2 -> 
  custom:container-demuxer-ogg: 62fdf1f143b41e24485cea50d1cbac27 -> 
  custom:scripting/monoscript/fileName/Blur_General.cs: 8a0b661ffd1541e6ad3f246c6bdf6064 -> 
  custom:video-codec-MediaFoundation-h265: 746d11721c4dcdbdad8f713fa42b33f4 -> 
  custom:scripting/monoscript/fileName/FilterColor.cs: c7e03c267eff691012097878712f515f -> 
  custom:scripting/monoscript/fileName/WebCamStreamEditor.cs: 7ff0789dcbf9f051a9d8ec846158e2ba -> 
  custom:scripting/monoscript/fileName/FilterSaturation.cs: b7fec0f5c8362c4fb90fef7a3cd95114 -> 
  custom:video-decoder-ogg-theora: a1e56fd34408186e4bbccfd4996cb3dc -> 
  custom:framework-win-MediaFoundation: 216162199b28c13a410421893ffa2e32 -> 
  custom:scripting/monoscript/fileName/MSKController.cs: 329a38633d303c82e33ccda6c4b8945a -> 
  custom:scripting/monoscript/fileName/MSKControllerBase.cs: 3b3131690c1a2a5da542c610dd707e72 -> 
  custom:scripting/monoscript/fileName/MSKComponentBaseEditor.cs: 275a867f4c36146f6835259c27f4cc86 -> 
  custom:scripting/monoscript/fileName/MSKBridgeVideoPlayer.cs: 23ea9b98c8be82ba4011ee7c365782d5 -> 
  custom:CustomObjectIndexerAttribute: 9a22284fe3817be447336de3de66b15e -> 
  custom:scripting/monoscript/fileName/Blur_Simple.cs: 5b27881231d30e40969fe8a37b137bf8 -> 
  custom:scripting/monoscript/fileName/FilterContrast.cs: d6b3142fb580fa91da192f89b59a7efd -> 
  custom:scripting/monoscript/fileName/RenderTextureUtils.cs: 849547b237b0fb8e05adbc3d875f3e0a -> 
  custom:container-demuxer-webm: 4f35f7cbe854078d1ac9338744f61a02 -> 
  custom:scripting/monoscript/fileName/WebCamPlayerEditor.cs: 35fa70d5472cf4ed2a09ed8841245a40 -> 
  custom:scripting/monoscript/fileName/FilterHSBC.cs: abed7363c28ab4e39c46ca29c449c0bf -> 
  custom:scripting/monoscript/fileName/ChromaKey_BgColor.cs: ff79c54091a384a9f17d041e8b86dbef -> 
  custom:scripting/monoscript/fileName/WebCamPlayer.cs: ab9e6743a178280f9b1cb7fb2502280a -> 
  custom:container-muxer-webm: aa71ff27fc2769a1b78a27578f13a17b -> 
  custom:video-decoder-webm-vp8: 9c59270c3fd7afecdb556c50c9e8de78 -> 
  custom:scripting/monoscript/fileName/TargetRenderBaseEditor.cs: 884e2c9ba1f4c591a4be3b16e94fba5e -> 
  custom:SearchIndexIgnoredProperties: e643bd26f0fe6173181afceb89e7c659 -> 
  custom:AudioImporter_EditorPlatform: d09bf68614088b80899f8185d706f6e7 -> 
  custom:scripting/monoscript/fileName/FilterBrightness.cs: 3963794dd0d8c56a4d79f9d946364063 -> 
  custom:scripting/monoscript/fileName/MaskAlpha_Expert.cs: 9616cb22e95c50199495781447fa1e41 -> 
  custom:video-encoder-webm-vp8: eb34c28f22e8b96e1ab97ce403110664 -> 
  custom:audio-decoder-ogg-vorbis: bf7c407c2cedff20999df2af8eb42d56 -> 
  custom:scripting/monoscript/fileName/MaskAlpha_General.cs: eb48cce8dcc2d35737c4ec6ed20b1cc8 -> 
  custom:scripting/monoscript/fileName/WebCamStream.cs: 19da22c49c5df13f4dbdd979aad08efe -> 
  custom:scripting/monoscript/fileName/MSKBridgeWebCamPlayer.cs: c53fa13a9caf37fb3c221b4295873159 -> 
  custom:scripting/monoscript/fileName/MSKBridgeImage.cs: 45cffc4173ef79ea83298d852a467f5f -> 
  custom:audio-encoder-webm-vorbis: bf7c407c2cedff20999df2af8eb42d56 -> 
  custom:scripting/precompiled-assembly-types:Assembly-CSharp-Editor: a4afda7cddc5399c2adf3022dc9786b9 -> c43ab9b87697be09138a4d4ef369a2f4
  custom:scripting/monoscript/fileName/TargetRenderBase.cs: ede1e7ffe26e2bdaf1178000003a7cde -> 
  custom:scripting/monoscript/fileName/ChromaKey_Alpha_General.cs: 385319fb4a7056c216e19b2e8fd2d993 -> 
  custom:scripting/monoscript/fileName/WebCamCorrection.cs: 7082bcd1c59e7e2729055cf686e9496c -> 
  custom:scripting/precompiled-assembly-types:Assembly-CSharp: f507296485793f596843d123fd334698 -> 019be45a1fb25a17605dd275f0018009
  custom:scripting/monoscript/fileName/MSKComponentBase.cs: 2ccbbe283ec48eefd1aeb9b05e8e9b5c -> 
  custom:scripting/monoscript/fileName/ChromaKey_BgTex.cs: 31d8b6121d339249db5b6b74f6e2ed5a -> 
  custom:scripting/monoscript/fileName/ChromaKey_Alpha_Simple.cs: 41af4aec3871671be2e3d1e6e2beb3fa -> 
========================================================================
Received Prepare
Caller must complete domain reload
Begin MonoManager ReloadAssembly
- Loaded All Assemblies, in  0.323 seconds
Native extension for WindowsStandalone target not found
Native extension for Android target not found
Native extension for WebGL target not found
Mono: successfully reloaded assembly
- Finished resetting the current domain, in  0.578 seconds
Domain Reload Profiling: 900ms
	BeginReloadAssembly (111ms)
		ExecutionOrderSort (0ms)
		DisableScriptedObjects (4ms)
		BackupInstance (0ms)
		ReleaseScriptingObjects (0ms)
		CreateAndSetChildDomain (20ms)
	RebuildCommonClasses (26ms)
	RebuildNativeTypeToScriptingClass (7ms)
	initialDomainReloadingComplete (20ms)
	LoadAllAssembliesAndSetupDomain (158ms)
		LoadAssemblies (203ms)
		RebuildTransferFunctionScriptingTraits (0ms)
		AnalyzeDomain (15ms)
			TypeCache.Refresh (6ms)
				TypeCache.ScanAssembly (0ms)
			ScanForSourceGeneratedMonoScriptInfo (0ms)
			ResolveRequiredComponents (6ms)
	FinalizeReload (578ms)
		ReleaseScriptCaches (0ms)
		RebuildScriptCaches (0ms)
		SetupLoadedEditorAssemblies (282ms)
			LogAssemblyErrors (0ms)
			InitializePlatformSupportModulesInManaged (12ms)
			SetLoadedEditorAssemblies (2ms)
			RefreshPlugins (0ms)
			BeforeProcessingInitializeOnLoad (40ms)
			ProcessInitializeOnLoadAttributes (210ms)
			ProcessInitializeOnLoadMethodAttributes (15ms)
			AfterProcessingInitializeOnLoad (3ms)
			EditorAssembliesLoaded (0ms)
		ExecutionOrderSort2 (0ms)
		AwakeInstancesAfterBackupRestoration (4ms)
Refreshing native plugins compatible for Editor in 8.04 ms, found 14 plugins.
Preloading 0 native plugins for Editor in 0.00 ms.
Unloading 3865 Unused Serialized files (Serialized files now loaded: 0)
Unloading 63 unused Assets / (1.3 MB). Loaded Objects now: 4581.
Memory consumption went from 155.2 MB to 154.0 MB.
Total: 2.976700 ms (FindLiveObjects: 0.196600 ms CreateObjectMapping: 0.086000 ms MarkObjects: 2.210600 ms  DeleteObjects: 0.483100 ms)

Prepare: number of updated asset objects reloaded= 0
AssetImportParameters requested are different than current active one (requested -> active):
  custom:scripting/monoscript/fileName/FilterHue.cs: e11ebd1453f02006250532b8fc94401c -> 
  custom:scripting/monoscript/fileName/MaskAlpha_Simple.cs: 998d43c9fe4b6e28b49b302d9d2322c2 -> 
  custom:container-demuxer-ogg: 62fdf1f143b41e24485cea50d1cbac27 -> 
  custom:scripting/monoscript/fileName/Blur_General.cs: 8a0b661ffd1541e6ad3f246c6bdf6064 -> 
  custom:video-codec-MediaFoundation-h265: 746d11721c4dcdbdad8f713fa42b33f4 -> 
  custom:scripting/monoscript/fileName/FilterColor.cs: c7e03c267eff691012097878712f515f -> 
  custom:scripting/monoscript/fileName/WebCamStreamEditor.cs: 7ff0789dcbf9f051a9d8ec846158e2ba -> 
  custom:scripting/monoscript/fileName/FilterSaturation.cs: b7fec0f5c8362c4fb90fef7a3cd95114 -> 
  custom:video-decoder-ogg-theora: a1e56fd34408186e4bbccfd4996cb3dc -> 
  custom:framework-win-MediaFoundation: 216162199b28c13a410421893ffa2e32 -> 
  custom:scripting/monoscript/fileName/MSKController.cs: 329a38633d303c82e33ccda6c4b8945a -> 
  custom:scripting/monoscript/fileName/MSKControllerBase.cs: 3b3131690c1a2a5da542c610dd707e72 -> 
  custom:scripting/monoscript/fileName/MSKComponentBaseEditor.cs: 275a867f4c36146f6835259c27f4cc86 -> 
  custom:scripting/monoscript/fileName/MSKBridgeVideoPlayer.cs: 23ea9b98c8be82ba4011ee7c365782d5 -> 
  custom:CustomObjectIndexerAttribute: 9a22284fe3817be447336de3de66b15e -> 
  custom:scripting/monoscript/fileName/Blur_Simple.cs: 5b27881231d30e40969fe8a37b137bf8 -> 
  custom:scripting/monoscript/fileName/FilterContrast.cs: d6b3142fb580fa91da192f89b59a7efd -> 
  custom:scripting/monoscript/fileName/RenderTextureUtils.cs: 849547b237b0fb8e05adbc3d875f3e0a -> 
  custom:container-demuxer-webm: 4f35f7cbe854078d1ac9338744f61a02 -> 
  custom:scripting/monoscript/fileName/WebCamPlayerEditor.cs: 35fa70d5472cf4ed2a09ed8841245a40 -> 
  custom:scripting/monoscript/fileName/FilterHSBC.cs: abed7363c28ab4e39c46ca29c449c0bf -> 
  custom:scripting/monoscript/fileName/ChromaKey_BgColor.cs: ff79c54091a384a9f17d041e8b86dbef -> 
  custom:scripting/monoscript/fileName/WebCamPlayer.cs: ab9e6743a178280f9b1cb7fb2502280a -> 
  custom:container-muxer-webm: aa71ff27fc2769a1b78a27578f13a17b -> 
  custom:video-decoder-webm-vp8: 9c59270c3fd7afecdb556c50c9e8de78 -> 
  custom:scripting/monoscript/fileName/TargetRenderBaseEditor.cs: 884e2c9ba1f4c591a4be3b16e94fba5e -> 
  custom:SearchIndexIgnoredProperties: e643bd26f0fe6173181afceb89e7c659 -> 
  custom:AudioImporter_EditorPlatform: d09bf68614088b80899f8185d706f6e7 -> 
  custom:scripting/monoscript/fileName/FilterBrightness.cs: 3963794dd0d8c56a4d79f9d946364063 -> 
  custom:scripting/monoscript/fileName/MaskAlpha_Expert.cs: 9616cb22e95c50199495781447fa1e41 -> 
  custom:video-encoder-webm-vp8: eb34c28f22e8b96e1ab97ce403110664 -> 
  custom:audio-decoder-ogg-vorbis: bf7c407c2cedff20999df2af8eb42d56 -> 
  custom:scripting/monoscript/fileName/MaskAlpha_General.cs: eb48cce8dcc2d35737c4ec6ed20b1cc8 -> 
  custom:scripting/monoscript/fileName/WebCamStream.cs: 19da22c49c5df13f4dbdd979aad08efe -> 
  custom:scripting/monoscript/fileName/MSKBridgeWebCamPlayer.cs: c53fa13a9caf37fb3c221b4295873159 -> 
  custom:scripting/monoscript/fileName/MSKBridgeImage.cs: 45cffc4173ef79ea83298d852a467f5f -> 
  custom:audio-encoder-webm-vorbis: bf7c407c2cedff20999df2af8eb42d56 -> 
  custom:scripting/precompiled-assembly-types:Assembly-CSharp-Editor: a4afda7cddc5399c2adf3022dc9786b9 -> c43ab9b87697be09138a4d4ef369a2f4
  custom:scripting/monoscript/fileName/TargetRenderBase.cs: ede1e7ffe26e2bdaf1178000003a7cde -> 
  custom:scripting/monoscript/fileName/ChromaKey_Alpha_General.cs: 385319fb4a7056c216e19b2e8fd2d993 -> 
  custom:scripting/monoscript/fileName/WebCamCorrection.cs: 7082bcd1c59e7e2729055cf686e9496c -> 
  custom:scripting/precompiled-assembly-types:Assembly-CSharp: f507296485793f596843d123fd334698 -> 019be45a1fb25a17605dd275f0018009
  custom:scripting/monoscript/fileName/MSKComponentBase.cs: 2ccbbe283ec48eefd1aeb9b05e8e9b5c -> 
  custom:scripting/monoscript/fileName/ChromaKey_BgTex.cs: 31d8b6121d339249db5b6b74f6e2ed5a -> 
  custom:scripting/monoscript/fileName/ChromaKey_Alpha_Simple.cs: 41af4aec3871671be2e3d1e6e2beb3fa -> 
========================================================================
Received Import Request.
  Time since last request: 818.825392 seconds.
  path: Assets/WebCamCorrection.cs
  artifactKey: Guid(fffaa83f391847543bd507ceb2012f61) Importer(815301076,1909f56bfc062723c751e8b465ee728b)
Start importing Assets/WebCamCorrection.cs using Guid(fffaa83f391847543bd507ceb2012f61) Importer(815301076,1909f56bfc062723c751e8b465ee728b) [PhysX] Initialized MultithreadedTaskDispatcher with 16 workers.
 -> (artifact id: '3b65f90b8c2540cc830ba973252f2be8') in 0.008284 seconds
Number of updated asset objects reloaded before import = 0
Number of asset objects unloaded after import = 0
========================================================================
Received Prepare
Caller must complete domain reload
Begin MonoManager ReloadAssembly
- Loaded All Assemblies, in  0.335 seconds
Native extension for WindowsStandalone target not found
Native extension for Android target not found
Native extension for WebGL target not found
Mono: successfully reloaded assembly
- Finished resetting the current domain, in  0.585 seconds
Domain Reload Profiling: 919ms
	BeginReloadAssembly (110ms)
		ExecutionOrderSort (0ms)
		DisableScriptedObjects (4ms)
		BackupInstance (0ms)
		ReleaseScriptingObjects (0ms)
		CreateAndSetChildDomain (25ms)
	RebuildCommonClasses (24ms)
	RebuildNativeTypeToScriptingClass (8ms)
	initialDomainReloadingComplete (24ms)
	LoadAllAssembliesAndSetupDomain (169ms)
		LoadAssemblies (200ms)
		RebuildTransferFunctionScriptingTraits (0ms)
		AnalyzeDomain (24ms)
			TypeCache.Refresh (11ms)
				TypeCache.ScanAssembly (4ms)
			ScanForSourceGeneratedMonoScriptInfo (5ms)
			ResolveRequiredComponents (5ms)
	FinalizeReload (586ms)
		ReleaseScriptCaches (0ms)
		RebuildScriptCaches (0ms)
		SetupLoadedEditorAssemblies (296ms)
			LogAssemblyErrors (0ms)
			InitializePlatformSupportModulesInManaged (14ms)
			SetLoadedEditorAssemblies (2ms)
			RefreshPlugins (0ms)
			BeforeProcessingInitializeOnLoad (44ms)
			ProcessInitializeOnLoadAttributes (216ms)
			ProcessInitializeOnLoadMethodAttributes (16ms)
			AfterProcessingInitializeOnLoad (3ms)
			EditorAssembliesLoaded (0ms)
		ExecutionOrderSort2 (0ms)
		AwakeInstancesAfterBackupRestoration (4ms)
Refreshing native plugins compatible for Editor in 7.90 ms, found 14 plugins.
Preloading 0 native plugins for Editor in 0.00 ms.
Unloading 3862 Unused Serialized files (Serialized files now loaded: 0)
Unloading 63 unused Assets / (1.2 MB). Loaded Objects now: 4584.
Memory consumption went from 154.7 MB to 153.5 MB.
Total: 2.932300 ms (FindLiveObjects: 0.209700 ms CreateObjectMapping: 0.101700 ms MarkObjects: 2.053500 ms  DeleteObjects: 0.566500 ms)

Prepare: number of updated asset objects reloaded= 0
AssetImportParameters requested are different than current active one (requested -> active):
  custom:scripting/monoscript/fileName/FilterHue.cs: e11ebd1453f02006250532b8fc94401c -> 
  custom:scripting/monoscript/fileName/MaskAlpha_Simple.cs: 998d43c9fe4b6e28b49b302d9d2322c2 -> 
  custom:container-demuxer-ogg: 62fdf1f143b41e24485cea50d1cbac27 -> 
  custom:scripting/monoscript/fileName/Blur_General.cs: 8a0b661ffd1541e6ad3f246c6bdf6064 -> 
  custom:video-codec-MediaFoundation-h265: 746d11721c4dcdbdad8f713fa42b33f4 -> 
  custom:scripting/monoscript/fileName/FilterColor.cs: c7e03c267eff691012097878712f515f -> 
  custom:scripting/monoscript/fileName/WebCamStreamEditor.cs: 7ff0789dcbf9f051a9d8ec846158e2ba -> 
  custom:scripting/monoscript/fileName/FilterSaturation.cs: b7fec0f5c8362c4fb90fef7a3cd95114 -> 
  custom:video-decoder-ogg-theora: a1e56fd34408186e4bbccfd4996cb3dc -> 
  custom:framework-win-MediaFoundation: 216162199b28c13a410421893ffa2e32 -> 
  custom:scripting/monoscript/fileName/MSKController.cs: 329a38633d303c82e33ccda6c4b8945a -> 
  custom:scripting/monoscript/fileName/MSKControllerBase.cs: 3b3131690c1a2a5da542c610dd707e72 -> 
  custom:scripting/monoscript/fileName/MSKComponentBaseEditor.cs: 275a867f4c36146f6835259c27f4cc86 -> 
  custom:scripting/monoscript/fileName/MSKBridgeVideoPlayer.cs: 23ea9b98c8be82ba4011ee7c365782d5 -> 
  custom:CustomObjectIndexerAttribute: 9a22284fe3817be447336de3de66b15e -> 
  custom:scripting/monoscript/fileName/Blur_Simple.cs: 5b27881231d30e40969fe8a37b137bf8 -> 
  custom:scripting/monoscript/fileName/FilterContrast.cs: d6b3142fb580fa91da192f89b59a7efd -> 
  custom:scripting/monoscript/fileName/RenderTextureUtils.cs: 849547b237b0fb8e05adbc3d875f3e0a -> 
  custom:container-demuxer-webm: 4f35f7cbe854078d1ac9338744f61a02 -> 
  custom:scripting/monoscript/fileName/WebCamPlayerEditor.cs: 35fa70d5472cf4ed2a09ed8841245a40 -> 
  custom:scripting/monoscript/fileName/FilterHSBC.cs: abed7363c28ab4e39c46ca29c449c0bf -> 
  custom:scripting/monoscript/fileName/ChromaKey_BgColor.cs: ff79c54091a384a9f17d041e8b86dbef -> 
  custom:scripting/monoscript/fileName/WebCamPlayer.cs: ab9e6743a178280f9b1cb7fb2502280a -> 
  custom:container-muxer-webm: aa71ff27fc2769a1b78a27578f13a17b -> 
  custom:video-decoder-webm-vp8: 9c59270c3fd7afecdb556c50c9e8de78 -> 
  custom:scripting/monoscript/fileName/TargetRenderBaseEditor.cs: 884e2c9ba1f4c591a4be3b16e94fba5e -> 
  custom:SearchIndexIgnoredProperties: e643bd26f0fe6173181afceb89e7c659 -> 
  custom:AudioImporter_EditorPlatform: d09bf68614088b80899f8185d706f6e7 -> 
  custom:scripting/monoscript/fileName/FilterBrightness.cs: 3963794dd0d8c56a4d79f9d946364063 -> 
  custom:scripting/monoscript/fileName/MaskAlpha_Expert.cs: 9616cb22e95c50199495781447fa1e41 -> 
  custom:video-encoder-webm-vp8: eb34c28f22e8b96e1ab97ce403110664 -> 
  custom:audio-decoder-ogg-vorbis: bf7c407c2cedff20999df2af8eb42d56 -> 
  custom:scripting/monoscript/fileName/MaskAlpha_General.cs: eb48cce8dcc2d35737c4ec6ed20b1cc8 -> 
  custom:scripting/monoscript/fileName/WebCamStream.cs: 19da22c49c5df13f4dbdd979aad08efe -> 
  custom:scripting/monoscript/fileName/MSKBridgeWebCamPlayer.cs: c53fa13a9caf37fb3c221b4295873159 -> 
  custom:scripting/monoscript/fileName/MSKBridgeImage.cs: 45cffc4173ef79ea83298d852a467f5f -> 
  custom:audio-encoder-webm-vorbis: bf7c407c2cedff20999df2af8eb42d56 -> 
  custom:scripting/precompiled-assembly-types:Assembly-CSharp-Editor: a4afda7cddc5399c2adf3022dc9786b9 -> c43ab9b87697be09138a4d4ef369a2f4
  custom:scripting/monoscript/fileName/TargetRenderBase.cs: ede1e7ffe26e2bdaf1178000003a7cde -> 
  custom:scripting/monoscript/fileName/ChromaKey_Alpha_General.cs: 385319fb4a7056c216e19b2e8fd2d993 -> 
  custom:scripting/monoscript/fileName/WebCamCorrection.cs: 7082bcd1c59e7e2729055cf686e9496c -> 
  custom:scripting/precompiled-assembly-types:Assembly-CSharp: fd4aa9dcc385f23025957af40729474f -> 019be45a1fb25a17605dd275f0018009
  custom:scripting/monoscript/fileName/MSKComponentBase.cs: 2ccbbe283ec48eefd1aeb9b05e8e9b5c -> 
  custom:scripting/monoscript/fileName/ChromaKey_BgTex.cs: 31d8b6121d339249db5b6b74f6e2ed5a -> 
  custom:scripting/monoscript/fileName/ChromaKey_Alpha_Simple.cs: 41af4aec3871671be2e3d1e6e2beb3fa -> 
========================================================================
Received Prepare
Caller must complete domain reload
Begin MonoManager ReloadAssembly
- Loaded All Assemblies, in  0.326 seconds
Native extension for WindowsStandalone target not found
Native extension for Android target not found
Native extension for WebGL target not found
Mono: successfully reloaded assembly
- Finished resetting the current domain, in  0.563 seconds
Domain Reload Profiling: 888ms
	BeginReloadAssembly (112ms)
		ExecutionOrderSort (0ms)
		DisableScriptedObjects (5ms)
		BackupInstance (0ms)
		ReleaseScriptingObjects (0ms)
		CreateAndSetChildDomain (22ms)
	RebuildCommonClasses (25ms)
	RebuildNativeTypeToScriptingClass (7ms)
	initialDomainReloadingComplete (20ms)
	LoadAllAssembliesAndSetupDomain (160ms)
		LoadAssemblies (207ms)
		RebuildTransferFunctionScriptingTraits (0ms)
		AnalyzeDomain (13ms)
			TypeCache.Refresh (6ms)
				TypeCache.ScanAssembly (0ms)
			ScanForSourceGeneratedMonoScriptInfo (0ms)
			ResolveRequiredComponents (5ms)
	FinalizeReload (563ms)
		ReleaseScriptCaches (0ms)
		RebuildScriptCaches (0ms)
		SetupLoadedEditorAssemblies (276ms)
			LogAssemblyErrors (0ms)
			InitializePlatformSupportModulesInManaged (13ms)
			SetLoadedEditorAssemblies (2ms)
			RefreshPlugins (0ms)
			BeforeProcessingInitializeOnLoad (41ms)
			ProcessInitializeOnLoadAttributes (203ms)
			ProcessInitializeOnLoadMethodAttributes (14ms)
			AfterProcessingInitializeOnLoad (3ms)
			EditorAssembliesLoaded (0ms)
		ExecutionOrderSort2 (0ms)
		AwakeInstancesAfterBackupRestoration (4ms)
Refreshing native plugins compatible for Editor in 7.28 ms, found 14 plugins.
Preloading 0 native plugins for Editor in 0.00 ms.
Unloading 3863 Unused Serialized files (Serialized files now loaded: 0)
Unloading 62 unused Assets / (1.2 MB). Loaded Objects now: 4588.
Memory consumption went from 155.0 MB to 153.7 MB.
Total: 3.128300 ms (FindLiveObjects: 0.227600 ms CreateObjectMapping: 0.103000 ms MarkObjects: 2.312700 ms  DeleteObjects: 0.484200 ms)

Prepare: number of updated asset objects reloaded= 0
AssetImportParameters requested are different than current active one (requested -> active):
  custom:scripting/monoscript/fileName/FilterHue.cs: e11ebd1453f02006250532b8fc94401c -> 
  custom:scripting/monoscript/fileName/MaskAlpha_Simple.cs: 998d43c9fe4b6e28b49b302d9d2322c2 -> 
  custom:container-demuxer-ogg: 62fdf1f143b41e24485cea50d1cbac27 -> 
  custom:scripting/monoscript/fileName/Blur_General.cs: 8a0b661ffd1541e6ad3f246c6bdf6064 -> 
  custom:video-codec-MediaFoundation-h265: 746d11721c4dcdbdad8f713fa42b33f4 -> 
  custom:scripting/monoscript/fileName/FilterColor.cs: c7e03c267eff691012097878712f515f -> 
  custom:scripting/monoscript/fileName/WebCamStreamEditor.cs: 7ff0789dcbf9f051a9d8ec846158e2ba -> 
  custom:scripting/monoscript/fileName/FilterSaturation.cs: b7fec0f5c8362c4fb90fef7a3cd95114 -> 
  custom:video-decoder-ogg-theora: a1e56fd34408186e4bbccfd4996cb3dc -> 
  custom:framework-win-MediaFoundation: 216162199b28c13a410421893ffa2e32 -> 
  custom:scripting/monoscript/fileName/MSKController.cs: 329a38633d303c82e33ccda6c4b8945a -> 
  custom:scripting/monoscript/fileName/MSKControllerBase.cs: 3b3131690c1a2a5da542c610dd707e72 -> 
  custom:scripting/monoscript/fileName/MSKComponentBaseEditor.cs: 275a867f4c36146f6835259c27f4cc86 -> 
  custom:scripting/monoscript/fileName/MSKBridgeVideoPlayer.cs: 23ea9b98c8be82ba4011ee7c365782d5 -> 
  custom:CustomObjectIndexerAttribute: 9a22284fe3817be447336de3de66b15e -> 
  custom:scripting/monoscript/fileName/Blur_Simple.cs: 5b27881231d30e40969fe8a37b137bf8 -> 
  custom:scripting/monoscript/fileName/FilterContrast.cs: d6b3142fb580fa91da192f89b59a7efd -> 
  custom:scripting/monoscript/fileName/RenderTextureUtils.cs: 849547b237b0fb8e05adbc3d875f3e0a -> 
  custom:container-demuxer-webm: 4f35f7cbe854078d1ac9338744f61a02 -> 
  custom:scripting/monoscript/fileName/WebCamPlayerEditor.cs: 35fa70d5472cf4ed2a09ed8841245a40 -> 
  custom:scripting/monoscript/fileName/FilterHSBC.cs: abed7363c28ab4e39c46ca29c449c0bf -> 
  custom:scripting/monoscript/fileName/ChromaKey_BgColor.cs: ff79c54091a384a9f17d041e8b86dbef -> 
  custom:scripting/monoscript/fileName/WebCamPlayer.cs: ab9e6743a178280f9b1cb7fb2502280a -> 
  custom:container-muxer-webm: aa71ff27fc2769a1b78a27578f13a17b -> 
  custom:video-decoder-webm-vp8: 9c59270c3fd7afecdb556c50c9e8de78 -> 
  custom:scripting/monoscript/fileName/TargetRenderBaseEditor.cs: 884e2c9ba1f4c591a4be3b16e94fba5e -> 
  custom:SearchIndexIgnoredProperties: e643bd26f0fe6173181afceb89e7c659 -> 
  custom:AudioImporter_EditorPlatform: d09bf68614088b80899f8185d706f6e7 -> 
  custom:scripting/monoscript/fileName/FilterBrightness.cs: 3963794dd0d8c56a4d79f9d946364063 -> 
  custom:scripting/monoscript/fileName/MaskAlpha_Expert.cs: 9616cb22e95c50199495781447fa1e41 -> 
  custom:video-encoder-webm-vp8: eb34c28f22e8b96e1ab97ce403110664 -> 
  custom:audio-decoder-ogg-vorbis: bf7c407c2cedff20999df2af8eb42d56 -> 
  custom:scripting/monoscript/fileName/MaskAlpha_General.cs: eb48cce8dcc2d35737c4ec6ed20b1cc8 -> 
  custom:scripting/monoscript/fileName/WebCamStream.cs: 19da22c49c5df13f4dbdd979aad08efe -> 
  custom:scripting/monoscript/fileName/MSKBridgeWebCamPlayer.cs: c53fa13a9caf37fb3c221b4295873159 -> 
  custom:scripting/monoscript/fileName/MSKBridgeImage.cs: 45cffc4173ef79ea83298d852a467f5f -> 
  custom:audio-encoder-webm-vorbis: bf7c407c2cedff20999df2af8eb42d56 -> 
  custom:scripting/precompiled-assembly-types:Assembly-CSharp-Editor: a4afda7cddc5399c2adf3022dc9786b9 -> c43ab9b87697be09138a4d4ef369a2f4
  custom:scripting/monoscript/fileName/TargetRenderBase.cs: ede1e7ffe26e2bdaf1178000003a7cde -> 
  custom:scripting/monoscript/fileName/ChromaKey_Alpha_General.cs: 385319fb4a7056c216e19b2e8fd2d993 -> 
  custom:scripting/monoscript/fileName/WebCamCorrection.cs: 7082bcd1c59e7e2729055cf686e9496c -> 
  custom:scripting/precompiled-assembly-types:Assembly-CSharp: fd4aa9dcc385f23025957af40729474f -> 019be45a1fb25a17605dd275f0018009
  custom:scripting/monoscript/fileName/MSKComponentBase.cs: 2ccbbe283ec48eefd1aeb9b05e8e9b5c -> 
  custom:scripting/monoscript/fileName/ChromaKey_BgTex.cs: 31d8b6121d339249db5b6b74f6e2ed5a -> 
  custom:scripting/monoscript/fileName/ChromaKey_Alpha_Simple.cs: 41af4aec3871671be2e3d1e6e2beb3fa -> 
========================================================================
Received Prepare
Caller must complete domain reload
Begin MonoManager ReloadAssembly
- Loaded All Assemblies, in  0.318 seconds
Native extension for WindowsStandalone target not found
Native extension for Android target not found
Native extension for WebGL target not found
Mono: successfully reloaded assembly
- Finished resetting the current domain, in  0.579 seconds
Domain Reload Profiling: 896ms
	BeginReloadAssembly (110ms)
		ExecutionOrderSort (0ms)
		DisableScriptedObjects (4ms)
		BackupInstance (0ms)
		ReleaseScriptingObjects (0ms)
		CreateAndSetChildDomain (21ms)
	RebuildCommonClasses (23ms)
	RebuildNativeTypeToScriptingClass (7ms)
	initialDomainReloadingComplete (19ms)
	LoadAllAssembliesAndSetupDomain (156ms)
		LoadAssemblies (201ms)
		RebuildTransferFunctionScriptingTraits (0ms)
		AnalyzeDomain (13ms)
			TypeCache.Refresh (5ms)
				TypeCache.ScanAssembly (0ms)
			ScanForSourceGeneratedMonoScriptInfo (0ms)
			ResolveRequiredComponents (5ms)
	FinalizeReload (579ms)
		ReleaseScriptCaches (0ms)
		RebuildScriptCaches (0ms)
		SetupLoadedEditorAssemblies (278ms)
			LogAssemblyErrors (0ms)
			InitializePlatformSupportModulesInManaged (12ms)
			SetLoadedEditorAssemblies (2ms)
			RefreshPlugins (0ms)
			BeforeProcessingInitializeOnLoad (41ms)
			ProcessInitializeOnLoadAttributes (205ms)
			ProcessInitializeOnLoadMethodAttributes (15ms)
			AfterProcessingInitializeOnLoad (3ms)
			EditorAssembliesLoaded (0ms)
		ExecutionOrderSort2 (0ms)
		AwakeInstancesAfterBackupRestoration (5ms)
Refreshing native plugins compatible for Editor in 7.37 ms, found 14 plugins.
Preloading 0 native plugins for Editor in 0.00 ms.
Unloading 3863 Unused Serialized files (Serialized files now loaded: 0)
Unloading 62 unused Assets / (1.2 MB). Loaded Objects now: 4592.
Memory consumption went from 155.0 MB to 153.7 MB.
Total: 3.065000 ms (FindLiveObjects: 0.229800 ms CreateObjectMapping: 0.100600 ms MarkObjects: 2.213000 ms  DeleteObjects: 0.520800 ms)

Prepare: number of updated asset objects reloaded= 0
AssetImportParameters requested are different than current active one (requested -> active):
  custom:scripting/monoscript/fileName/FilterHue.cs: e11ebd1453f02006250532b8fc94401c -> 
  custom:scripting/monoscript/fileName/MaskAlpha_Simple.cs: 998d43c9fe4b6e28b49b302d9d2322c2 -> 
  custom:container-demuxer-ogg: 62fdf1f143b41e24485cea50d1cbac27 -> 
  custom:scripting/monoscript/fileName/Blur_General.cs: 8a0b661ffd1541e6ad3f246c6bdf6064 -> 
  custom:video-codec-MediaFoundation-h265: 746d11721c4dcdbdad8f713fa42b33f4 -> 
  custom:scripting/monoscript/fileName/FilterColor.cs: c7e03c267eff691012097878712f515f -> 
  custom:scripting/monoscript/fileName/WebCamStreamEditor.cs: 7ff0789dcbf9f051a9d8ec846158e2ba -> 
  custom:scripting/monoscript/fileName/FilterSaturation.cs: b7fec0f5c8362c4fb90fef7a3cd95114 -> 
  custom:video-decoder-ogg-theora: a1e56fd34408186e4bbccfd4996cb3dc -> 
  custom:framework-win-MediaFoundation: 216162199b28c13a410421893ffa2e32 -> 
  custom:scripting/monoscript/fileName/MSKController.cs: 329a38633d303c82e33ccda6c4b8945a -> 
  custom:scripting/monoscript/fileName/MSKControllerBase.cs: 3b3131690c1a2a5da542c610dd707e72 -> 
  custom:scripting/monoscript/fileName/MSKComponentBaseEditor.cs: 275a867f4c36146f6835259c27f4cc86 -> 
  custom:scripting/monoscript/fileName/MSKBridgeVideoPlayer.cs: 23ea9b98c8be82ba4011ee7c365782d5 -> 
  custom:CustomObjectIndexerAttribute: 9a22284fe3817be447336de3de66b15e -> 
  custom:scripting/monoscript/fileName/Blur_Simple.cs: 5b27881231d30e40969fe8a37b137bf8 -> 
  custom:scripting/monoscript/fileName/FilterContrast.cs: d6b3142fb580fa91da192f89b59a7efd -> 
  custom:scripting/monoscript/fileName/RenderTextureUtils.cs: 849547b237b0fb8e05adbc3d875f3e0a -> 
  custom:container-demuxer-webm: 4f35f7cbe854078d1ac9338744f61a02 -> 
  custom:scripting/monoscript/fileName/WebCamPlayerEditor.cs: 35fa70d5472cf4ed2a09ed8841245a40 -> 
  custom:scripting/monoscript/fileName/FilterHSBC.cs: abed7363c28ab4e39c46ca29c449c0bf -> 
  custom:scripting/monoscript/fileName/ChromaKey_BgColor.cs: ff79c54091a384a9f17d041e8b86dbef -> 
  custom:scripting/monoscript/fileName/WebCamPlayer.cs: ab9e6743a178280f9b1cb7fb2502280a -> 
  custom:container-muxer-webm: aa71ff27fc2769a1b78a27578f13a17b -> 
  custom:video-decoder-webm-vp8: 9c59270c3fd7afecdb556c50c9e8de78 -> 
  custom:scripting/monoscript/fileName/TargetRenderBaseEditor.cs: 884e2c9ba1f4c591a4be3b16e94fba5e -> 
  custom:SearchIndexIgnoredProperties: e643bd26f0fe6173181afceb89e7c659 -> 
  custom:AudioImporter_EditorPlatform: d09bf68614088b80899f8185d706f6e7 -> 
  custom:scripting/monoscript/fileName/FilterBrightness.cs: 3963794dd0d8c56a4d79f9d946364063 -> 
  custom:scripting/monoscript/fileName/MaskAlpha_Expert.cs: 9616cb22e95c50199495781447fa1e41 -> 
  custom:video-encoder-webm-vp8: eb34c28f22e8b96e1ab97ce403110664 -> 
  custom:audio-decoder-ogg-vorbis: bf7c407c2cedff20999df2af8eb42d56 -> 
  custom:scripting/monoscript/fileName/MaskAlpha_General.cs: eb48cce8dcc2d35737c4ec6ed20b1cc8 -> 
  custom:scripting/monoscript/fileName/WebCamStream.cs: 19da22c49c5df13f4dbdd979aad08efe -> 
  custom:scripting/monoscript/fileName/MSKBridgeWebCamPlayer.cs: c53fa13a9caf37fb3c221b4295873159 -> 
  custom:scripting/monoscript/fileName/MSKBridgeImage.cs: 45cffc4173ef79ea83298d852a467f5f -> 
  custom:audio-encoder-webm-vorbis: bf7c407c2cedff20999df2af8eb42d56 -> 
  custom:scripting/precompiled-assembly-types:Assembly-CSharp-Editor: a4afda7cddc5399c2adf3022dc9786b9 -> c43ab9b87697be09138a4d4ef369a2f4
  custom:scripting/monoscript/fileName/TargetRenderBase.cs: ede1e7ffe26e2bdaf1178000003a7cde -> 
  custom:scripting/monoscript/fileName/ChromaKey_Alpha_General.cs: 385319fb4a7056c216e19b2e8fd2d993 -> 
  custom:scripting/monoscript/fileName/WebCamCorrection.cs: 7082bcd1c59e7e2729055cf686e9496c -> 
  custom:scripting/precompiled-assembly-types:Assembly-CSharp: fd4aa9dcc385f23025957af40729474f -> 019be45a1fb25a17605dd275f0018009
  custom:scripting/monoscript/fileName/MSKComponentBase.cs: 2ccbbe283ec48eefd1aeb9b05e8e9b5c -> 
  custom:scripting/monoscript/fileName/ChromaKey_BgTex.cs: 31d8b6121d339249db5b6b74f6e2ed5a -> 
  custom:scripting/monoscript/fileName/ChromaKey_Alpha_Simple.cs: 41af4aec3871671be2e3d1e6e2beb3fa -> 
TcpMessagingSession - receive error
AssetImportWorkerClient::OnTransportError - code=10054 error=Foi forçado o cancelamento de uma conexão existente pelo host remoto.
